cell_type,umap1,umap2
Radial glia,-2.70840581129374,1.3913003345993522
Radial glia,-2.9423729841567003,0.5684994849796495
Radial glia,-2.59593139015103,0.7377850155694261
Radial glia,-2.4774295526618553,1.5806873752101338
Radial glia,-2.555860387309532,1.6204838692784453
Radial glia,-2.8322639091598893,1.1294832718988725
Radial glia,-3.4582717883781746,1.5275811263455452
Radial glia,-3.5121734170985843,0.9989149411052826
Radial glia,-3.592707433676987,0.8876265714305067
Radial glia,-3.3496100887607563,1.1944279877580246
Radial glia,-3.2872984342239073,1.0347135352121641
Radial glia,-3.565319609090316,1.0751830051556368
Radial glia,-4.101649996364685,0.8899079135328802
Radial glia,-2.0618344111996576,1.3115340697672906
Radial glia,-3.3774310140133035,1.9392700796138649
Radial glia,-3.696120904695686,0.5290292363294011
Radial glia,-3.5729621647677736,1.578304844908526
Radial glia,-1.4850892980712,1.3667181864597218
Radial glia,-2.677447196696827,1.338626880483532
Radial glia,-3.3681165623297042,0.5400518766880351
Radial glia,-2.2654810599888844,1.2178010543187592
Radial glia,-2.8852747543439587,1.2938788160188623
Radial glia,-1.814407160761489,1.963938381956015
Radial glia,-3.9343524378763406,0.8516508529500781
Radial glia,-2.215502717525157,1.0949384221404348
Radial glia,-3.4106998731242304,1.1660479517297913
Radial glia,-4.191761040319106,0.48153481465099557
Radial glia,-4.38895587903251,0.865681250154273
Radial glia,-3.596896024629755,1.3119515009555427
Radial glia,-3.0650783368946017,1.3797540055587683
Radial glia,-3.2271327808948334,1.3800655059882778
Radial glia,-3.0916584034710346,0.9135409573731714
Radial glia,-2.307388898009795,1.7460585915668574
Radial glia,-1.4062084845819833,1.7084809305111932
Radial glia,-3.404978992505763,0.6748833704212677
Radial glia,-5.849696151979019,-0.07863523851401832
Radial glia,-2.662245907280545,1.0815262146407842
Radial glia,-5.0775324571954314,0.7365381442095301
Radial glia,-3.507669996265922,0.9612569818508301
Radial glia,-3.4083974664201566,1.0601391119917893
Radial glia,-2.597967323595311,0.8524622586555028
Radial glia,-3.2244756386706177,1.009821986772842
Radial glia,-2.167171373651719,1.19829309771068
Radial glia,-1.9379386820039508,1.7565873131649914
Radial glia,-1.833844983274145,1.4039915707729547
Radial glia,-2.5335427973144156,1.4909543413276007
Radial glia,-4.188432078219689,0.7695302922570284
Radial glia,-3.3522248201083085,0.8336024154091211
Radial glia,-3.5452511730102967,0.631430544089329
Radial glia,-3.475471897283825,1.176374661282829
Radial glia,-3.542509906565984,0.5960131415388734
Radial glia,-2.2924643235777364,1.3532129307215621
Radial glia,-3.059413779251903,1.1443121172082298
Radial glia,-3.5527399598688905,1.2300593130050161
Radial glia,-3.495582813928412,1.0799249383967364
Radial glia,-4.030098844735528,0.41532447494778457
Radial glia,-3.5543031213569707,1.6149076623130147
Radial glia,-3.132841916056078,1.758607924496924
Radial glia,-2.8037940680862707,1.4297458345048968
Radial glia,-3.53078389177593,1.0534298859232374
Radial glia,-1.8737293561563144,1.947370465379627
Radial glia,-3.5238714969523146,0.9239572619653927
Radial glia,-2.0634602001124724,1.3852345646376314
Radial glia,-2.339014696364236,1.1794754203822022
Radial glia,-2.7661764328662137,1.7577941268311308
Radial glia,-2.5016362757302755,1.466092365233854
Radial glia,-2.9885317061629113,1.2113241005155173
Radial glia,-3.2191047835272983,1.5083569427394756
Radial glia,-2.2792913948997846,1.5867281361210632
Radial glia,-3.9890651163356967,0.7578384223463656
Radial glia,-2.8838364987650764,1.2853965452082936
Radial glia,-4.16111643872374,1.0507129732535416
Radial glia,-1.0659984330260142,1.4997819670714212
Radial glia,-3.1928429092397357,1.6467145269469758
Radial glia,-3.3743191177909355,0.9908253025869829
Radial glia,-3.0232629569936313,1.391858106372724
Radial glia,-3.489813081447232,1.3618086304709522
Radial glia,-4.569882886123157,0.9153684698161759
Radial glia,-2.8126870321583324,1.2465693387660195
Radial glia,-2.816784124926009,1.306118089552916
Radial glia,-2.073558995206506,1.3975786367023988
Radial glia,-3.0106590566907054,0.8204899595047859
Radial glia,-3.9135350652112417,0.8647187893338263
Radial glia,-4.180987905784589,0.5993161399390907
Radial glia,-4.040965653714622,0.7489406609750193
Radial glia,-3.0945206809393984,1.4795665190784228
Radial glia,-4.522255380667403,0.6788995330929514
Radial glia,-2.577212911598963,1.7761871822915598
Radial glia,-1.9328379458703193,1.156954678253128
Radial glia,-3.5294755928331294,1.2265570339303506
Radial glia,-2.428033919192642,1.5013640153065135
Radial glia,-2.923842605649068,1.3282186983115032
Radial glia,-3.6832023265531286,1.057991498348404
Radial glia,-2.4681251829006507,1.3054830576597998
Radial glia,-1.9840475078238147,0.7258437507467901
Radial glia,-3.4893253828442097,1.5740613730161568
Radial glia,-2.576933566662108,1.7951326826486387
Radial glia,-2.889352412754532,0.920532826288271
Radial glia,-3.610372600109633,1.4823190848913832
Radial glia,-4.37990766462673,0.503374624838465
Radial glia,-4.325265186488438,0.6447800459187014
Radial glia,-3.462663337340648,1.2529022618559384
Radial glia,-3.859460477917154,1.4577068870871006
Radial glia,-2.5787552671206804,1.2307237610198236
Radial glia,-3.705593855686058,0.5622475226399972
Radial glia,-3.1801279916355902,1.757989118907803
Radial glia,-3.1302497339087076,0.888064998347065
Radial glia,-3.096988037121755,1.0496774220589415
Radial glia,-3.604895490158242,0.4784790645540664
Radial glia,-3.2684516066595117,1.583611401580448
Radial glia,-2.27190611111803,1.7598147958203325
Radial glia,-2.981896391071628,1.3789447324802353
Radial glia,-2.3412957763620996,1.4324569724211178
Radial glia,-2.8515078805701903,1.165501097920071
Radial glia,-2.1742917862988267,1.2304516387076583
Radial glia,-2.6629128069947403,1.5966882265458264
Radial glia,-2.534794025150431,1.596031011524758
Radial glia,-3.3889651811564994,0.9430935405608551
Radial glia,-3.3662719351254395,1.0062804164802484
Radial glia,-3.8895893684236547,0.8155427232274886
Radial glia,-3.482859447446995,0.7997774843440806
Radial glia,-2.7569188595205874,1.0923582770965532
Radial glia,-3.0339146044332663,1.6591934026363377
Radial glia,-1.8397155017784776,1.6195136957706437
Radial glia,-2.352931819237117,1.5212435239608324
Radial glia,-1.45560750237553,2.2246630462766284
Radial glia,-2.2447267304794343,1.437164723322508
Radial glia,-3.3213965674341717,1.2948009119358284
Radial glia,-3.090554294217101,1.1357423539839555
Radial glia,-2.4623598622346385,1.0440099937732685
Radial glia,-4.488900750124889,0.4533427200764394
Radial glia,-3.9433482678418894,0.9059567893796154
Radial glia,-3.7216153622744352,0.9442272090245377
Radial glia,-4.725614573203485,1.1104547440159644
Radial glia,-2.721320829409109,1.071200366386861
Radial glia,-2.9635745269703744,1.6119243469248927
Radial glia,-2.4570964372273267,1.3858209649660826
Radial glia,-2.710945510808546,1.591833062955685
Radial glia,-3.868052559751998,0.5278399348807193
Radial glia,-3.621232078352983,1.3253317092034593
Radial glia,-2.0026515371005784,1.5996262434651394
Radial glia,-2.0562188321032435,1.8383030953311312
Radial glia,-3.080490083919053,0.9892614216784111
Radial glia,-3.578989154800643,1.0719914358374396
Radial glia,-2.116566926378824,1.771890117079367
Radial glia,-3.9587797630679136,0.5608624044829269
Radial glia,-2.501808103758886,1.4562698828253589
Radial glia,-3.8572039144887906,1.1586021646562754
Radial glia,-2.140748961680351,1.7522554887064492
Radial glia,-3.1271054489699592,1.5917651551336869
Radial glia,-3.326891086341649,0.9553887031383346
Radial glia,-3.943544667837946,1.4916832714076582
Radial glia,-1.5005292798708516,1.7125508487954435
Radial glia,-2.6854872957046414,1.4742389016409345
Radial glia,-2.4928229338642907,1.756383319155293
Radial glia,-2.570422229361909,1.3508575740630124
Radial glia,-3.3842011628631266,0.8117976523997534
Radial glia,-5.029203353241241,0.550857752759858
Radial glia,-3.7106504964848375,1.0167264755104468
Radial glia,-3.075274094721656,0.9099477999252304
Radial glia,-3.496358428313595,1.1997414006764546
Radial glia,-2.8842932563038266,1.0149957841151227
Radial glia,-3.698664370007741,1.180023941151322
Radial glia,-2.9366720390232177,1.3500049394488205
Radial glia,-3.273388636853275,1.3682707329024626
Radial glia,-3.236596286902153,1.9084551056300834
Radial glia,-3.377724424367489,0.9074622603810283
Radial glia,-1.851547416507195,1.5897235726063523
Radial glia,-3.7060018952495626,1.1363998221764207
Radial glia,-4.851062291424557,0.7679284426549198
Radial glia,-3.0979553536465145,1.284553995152975
Radial glia,-3.8017238109694502,1.364843767589408
Radial glia,-2.8542594559909307,1.2786418090029819
Radial glia,-2.7482360965748507,1.0720791145166821
Radial glia,-3.055926423999854,0.7752252459778151
Radial glia,-3.9376188600821926,1.0181250150639436
Radial glia,-3.069174000460788,1.4321117941202264
Radial glia,-3.5762581673675005,1.0151915836433387
Radial glia,-3.626880823349813,1.1065177692670103
Radial glia,-2.607002340513522,1.6769671419519558
Radial glia,-2.604032807041996,1.1286075952350958
Radial glia,-2.852188480707136,0.9753668622475662
Radial glia,-4.540359478036467,0.78297812479935
Radial glia,-3.1032298238664358,1.41713745271705
Radial glia,-2.3835318740798557,1.0680771184103182
Radial glia,-3.777392896167449,0.9760618446470203
Radial glia,-3.0873155356063005,1.3216403665604872
Radial glia,-4.0547918135063945,0.8122163082486596
Radial glia,-2.7963778808833153,1.852976239137599
Radial glia,-4.180141323744397,1.3216457810852462
Radial glia,-3.197630852433261,0.7383447624947448
Radial glia,-2.0316593581272535,1.2273813169713703
Radial glia,-4.041154121429706,1.0997905181116259
Radial glia,-2.3510210661126147,1.4567320901012382
Radial glia,-3.5208510406637497,0.6172654913295804
Radial glia,-2.834153400868778,0.5904820004136208
Radial glia,-4.288807057055164,1.1172221794686945
Radial glia,-2.7654153251739713,1.6589057126660074
Radial glia,-2.71885698145591,0.9778069319594156
Radial glia,-2.616203876913746,0.813900433287732
Radial glia,-2.7264873099336944,1.7117981010401762
Radial glia,-3.9572408258104743,1.2118150120200564
Radial glia,-3.084517018194648,1.145003358790789
Radial glia,-4.579066144965883,0.6604154685413157
Radial glia,-2.337174536821485,0.9297204389323772
Radial glia,-3.427002631571258,0.8727285004401684
Radial glia,-4.428544532630982,1.061961765522627
Radial glia,-3.1198285207998406,1.1920853193854002
Radial glia,-2.3362491077796945,1.2131253090309806
Radial glia,-0.676064062200425,1.8388056351998623
Radial glia,-4.047176213339325,1.0663436122613998
Radial glia,-2.7615772171092403,1.0166562360595124
Radial glia,-3.8643307243177767,1.1879270669228632
Radial glia,-2.9358413140149406,1.3683888241877398
Radial glia,-2.4159892220825907,1.2391948646905897
Radial glia,-2.176542799595423,1.5050825941693657
Radial glia,-2.492670592895545,1.1251586785749275
Radial glia,-2.5699614410640352,1.4538060001302286
Radial glia,-1.2501103278727035,1.756901708581181
Radial glia,-2.0190140951073303,1.7405588296350398
IPC,-0.3517579526916932,1.7546504352299497
IPC,-1.1716141447810196,1.402642248173556
IPC,-1.9652239305869483,2.483618957001325
IPC,-0.9822170405487582,2.0958316907969596
IPC,-1.3844296386463613,2.2297781761905493
IPC,-1.5023751911094019,2.055924187526943
IPC,-0.4920355964262251,2.013818753539317
IPC,-1.540941978732388,2.0957354957064336
IPC,-1.1590416761263749,1.9231882910400788
IPC,-1.4168792844024212,1.8050264350197414
IPC,-1.0315609071469942,1.6538856163919817
IPC,-1.7616738505079346,2.474428847217816
IPC,-0.07638177905311161,2.071921133913683
IPC,-1.1204208075532134,1.8109452790205423
IPC,-0.7372134570195265,2.2119061789607355
IPC,-1.2497526173492666,1.8863199665260337
IPC,-2.3947420085873787,1.9349528545720227
IPC,-0.38734899729464667,1.337642169166604
IPC,-1.70597579461527,2.059901983035462
IPC,-1.2437669990237465,1.658389569759028
IPC,-0.9157197673846016,2.0227823192364234
IPC,-1.2986181561416366,1.8448955225478083
IPC,-1.6566661671517948,1.6317280521699729
IPC,-0.9680460707802683,1.760871951721177
IPC,-2.1076844004323894,2.252738293616792
IPC,-0.9837199440933324,1.9861270143196792
IPC,-0.8506114450570517,2.146172022520075
IPC,-1.600726035099032,2.1426976968161404
IPC,-1.265577187090133,1.6189561848787448
IPC,-0.694068187097897,1.716163156586435
IPC,-1.1455546244103851,2.0198247737647193
IPC,-1.7335406965970008,2.3413929655804813
IPC,-0.7308704840758777,1.851839765646278
IPC,-2.917921989428258,2.8620607212131386
IPC,-1.4518221860518186,1.8800340056018714
IPC,-1.7413688902318727,1.8641107920631117
IPC,-1.4889893541596275,2.2098908033368216
IPC,-1.9531609576168445,2.258210542124237
IPC,-1.6875735005173669,2.053868238574456
IPC,-1.5132621078759552,2.1394192316289766
IPC,-0.7243876168504224,1.8030710714057097
IPC,-0.6804389853892582,2.1659466044635067
IPC,-2.1119389764607917,2.454457405244984
IPC,-1.5071510949225726,2.014248315966191
IPC,-0.7607137616540225,1.7600044480554295
IPC,-1.5912856101446127,2.4076238019779077
IPC,-0.6634384283046393,1.8938921958515156
IPC,0.28086472289529074,1.235923849103333
IPC,-2.276736364497395,2.2619397721517136
IPC,-1.943985575662759,2.3016211036971375
IPC,-1.6930120469346732,1.9763046391947008
IPC,-1.3583953113823632,1.806772117152042
IPC,-2.4844374870506067,2.2014477305724696
IPC,-0.8698446668144602,1.9192959141003625
IPC,-0.6275079933183302,2.2049412167170663
IPC,-0.788289970051379,1.8188977179910812
IPC,-1.707752994601873,2.2489110893242046
IPC,-0.25047185638408354,2.0170413709849027
IPC,-0.8093099308655778,1.6385278900848086
IPC,-0.9050061131737785,2.049885447010422
IPC,-0.672412501325363,1.4772871746667688
IPC,-1.6989762040389755,2.1644796157620894
IPC,-1.2713970561463055,1.8375522174840973
IPC,-1.0270489381936776,1.8374360410463249
IPC,-0.6843460059962542,1.6775287942522907
IPC,-1.3380409426474722,1.4847702933409699
IPC,-1.2293158159313944,1.8099285978380393
IPC,-0.8951835454413521,1.825328092756816
IPC,-0.6159415118978596,1.6441240437762539
IPC,-2.1263969290919214,2.3289322319520824
IPC,-1.0133375568801253,1.7195614832516404
IPC,-2.0060025751012724,2.419967823266303
IPC,-0.6263436888425358,1.9654544955068125
IPC,-1.246314479966155,1.9828722221072415
IPC,-0.2795400590630599,1.8707107315980478
IPC,-1.9116034981741712,1.9285093777833247
IPC,-0.8765282740300724,2.0472508956219597
IPC,-1.7141554285238476,1.9446493690631514
IPC,-0.7532769542561529,1.7440605125088804
IPC,-0.8877490162295629,1.5891553298795804
IPC,-2.0040799359970087,1.7997577025900882
IPC,-1.3453386385746824,1.9146237541683793
IPC,-2.2723835074942413,2.3560148322961783
IPC,-1.6246296195518177,2.050563229172069
IPC,-0.404291554241644,1.9535747470750526
IPC,-1.0325281097072763,1.8306024345942935
IPC,-2.0458783921698833,2.0778671943259472
IPC,-1.4261554059261285,2.357679808084098
IPC,-1.8828192307322928,2.0528475762287135
IPC,-1.2760294364896194,2.090734191500905
IPC,-0.5650500741558615,2.095461578816212
IPC,-1.2446562737700344,2.4669580966948916
IPC,-0.9624505713173158,1.6927943190936212
IPC,-1.905227802136201,2.091367317317075
IPC,-1.390049276776265,2.227659084536905
IPC,-1.8230972303471011,2.026171380592773
IPC,-1.7809261855846499,2.223028979588753
IPC,-2.115143234760472,2.4028892731015175
IPC,-1.7827120718259706,2.1016302877815893
IPC,-1.0254801114285388,1.9851322323633487
IPC,0.2675082168424583,1.2611141948577327
IPC,-2.625186161523314,2.0998688179582383
IPC,-0.8941590264269965,1.59808494445263
IPC,-0.7146241668875809,1.7541634649922437
IPC,-0.97846838060818,1.5096159687699022
IPC,-0.604743240258329,2.0644060955716923
IPC,-1.7526665242410182,2.478490962046095
IPC,0.24700331885606897,1.4963044366713953
IPC,-1.8970486615962214,2.04287771961217
IPC,-1.396292318952755,2.2850219237120672
IPC,-0.2557195460163719,1.5554184738382175
IPC,-1.5365385826355797,1.727108276064872
IPC,-1.5738079141937271,2.207303114290033
IPC,-2.431522663743972,2.54085790004963
IPC,-0.6846802135802892,2.1037316614389296
IPC,-1.7529141424206611,1.751928488604379
IPC,-1.541527995027148,1.817406162087941
IPC,-2.3942764833683636,2.1636388531597945
IPC,-1.9780323701218574,2.7050772078544743
IPC,-0.7958378239004142,2.057535799260904
IPC,-1.8525183589512613,2.5248704366052515
IPC,-1.4585799293027824,2.26571586037067
IPC,-1.8547705114697415,2.3372597402750936
IPC,-2.2999398501899657,2.2809135344968743
IPC,-1.5449733256201288,1.7349304413331703
IPC,-1.3272450269955034,1.8651812593203145
IPC,-1.479183068933287,2.2436255106202685
IPC,-0.5532012470800333,1.7070281915119951
IPC,-0.4709700517608182,1.9826808600522363
IPC,-0.7444628284164341,2.219276991363201
IPC,-2.087286907146538,2.5908600948739293
IPC,-1.1067854802018975,1.8388899163333408
IPC,-1.3228870103267916,2.264039805393473
IPC,-0.5388842286845751,1.9339908085491593
IPC,-2.088173662797073,1.8889320719285765
IPC,-1.2230812924177386,2.136764030360755
IPC,-1.6356117911421326,2.3331318984780687
IPC,-0.8989801466275567,1.9941103802596996
IPC,-1.6486274752473264,2.4294764824081057
IPC,-0.6208642215047177,2.124146519940099
IPC,-1.1605529726444204,1.6403450199868836
IPC,-1.0014289175514015,2.12524705517291
IPC,-1.455685159867273,1.7669533599318603
IPC,-0.9135733995113694,2.0400034742390125
IPC,-2.0806715319854696,2.0744907134271524
IPC,-2.11905800836288,2.3510000240932762
IPC,-1.0602762465693043,2.3614836974696485
IPC,-1.7351676448941598,2.4777027319501173
IPC,-1.4054962843557903,2.1032043019088014
IPC,-2.022037083040491,2.241532703255773
IPC,-1.6179993414107028,2.075900682144802
IPC,-1.1547210084721433,2.07540667677187
IPC,-0.8100732363225412,1.8360146907070976
IPC,-1.7473532890516106,2.4040676471190228
IPC,-1.2946913794529644,1.8468946697981794
IPC,-0.46993882547383714,1.804150984182796
IPC,-0.9962326932186535,1.4765030840988889
IPC,-1.5135032538074311,2.577751416763137
IPC,-0.9652217294712099,2.014263524322924
IPC,-1.722757319629739,2.1041080391803773
IPC,-1.0849749044932984,1.9123301674855453
IPC,-1.4941018789163465,1.6220246108133523
IPC,-1.8013647841264502,2.0494166676879884
IPC,-0.9310195649053892,2.009603414216222
IPC,-1.363865277485843,1.8373280807156094
IPC,-1.711406600918412,2.194019105137466
IPC,-2.1169694792358986,2.2074198843589024
IPC,-1.510328082330189,2.0012115961486225
IPC,-0.3455419057270983,1.6498994941477805
IPC,-0.6861894901918166,2.1975926724273545
IPC,-1.0079858435461049,1.901597521975271
IPC,-1.9273671298041521,2.606962476043134
IPC,-2.1140379853230082,1.746489185256649
IPC,-0.7963548488774225,1.4623505377163204
IPC,-2.073298811695663,2.064720905000256
IPC,-2.1794258401341873,1.7290848158987204
IPC,-1.1775711809219156,2.0714067262398372
IPC,-0.8868303838171968,1.8466897496046795
IPC,-1.6059252924427678,1.9535207300138928
IPC,-0.5568382234282886,1.9571239017364432
IPC,-1.5700149244388593,2.151761139578398
IPC,-1.9922540383983374,2.336914354959334
IPC,-1.978940010634366,2.1693643666215356
IPC,-1.6744341999342276,1.4328704939277934
IPC,-0.9491533688232183,1.8628995351684143
IPC,-1.8551868508581772,1.9832744408954301
IPC,-1.418128100686191,1.979203572058036
IPC,-1.0734577093312196,1.9453829422121607
IPC,-0.9743304651155102,1.9371291892186404
IPC,-2.267424486381674,1.945046709844644
IPC,-1.0426849347537774,1.9976807218738737
IPC,-1.443443337330976,1.7025003331615223
IPC,-1.8156070578935934,1.9484895231805885
IPC,-1.0124513051963353,1.6887969292789204
IPC,-2.1924529165485813,2.0752619991560595
IPC,-1.044089242762284,2.2968972166408497
IPC,-1.5458674447755296,2.3455186711327016
IPC,-1.630293036913979,1.9856342749488674
IPC,-1.7746010459029922,2.3386845288255445
IPC,-1.5464859438020657,2.3045005995536405
IPC,-1.4382184522148977,2.4692621552024785
IPC,-1.1938143799362975,1.9699310126056033
IPC,-1.9221240565653035,2.5169872722060895
IPC,-1.1356402114198454,1.9599713459343056
IPC,-1.3369607661615976,1.8838182719957595
IPC,-1.5879069603749245,2.176324574309577
IPC,-1.7856104476760952,2.11974421043679
IPC,0.006085645137563489,1.542248435135297
IPC,-1.40258432358249,2.2568503507050535
IPC,-1.769994659943861,2.501501674971277
IPC,-1.3832515283866322,1.7354002702603761
IPC,-1.435326556056114,1.8703361398243128
IPC,-0.9305232618431607,1.7640191448719
IPC,-1.0205961050342,1.4282276251621338
IPC,-1.5147201157686776,2.2113930649124836
IPC,-1.0014017645791342,1.9180542458343486
IPC,-0.805551803524821,2.033633006480033
IPC,-1.2864781294199856,2.0481521064313073
IPC,-0.763310113557115,1.8670179242332434
IPC,-2.9131483036362376,2.129562826360209
Excitatory,0.30802068595225207,1.3289472847484867
Excitatory,0.874654750602471,1.5221249201981935
Excitatory,1.621242095191576,1.7562733511188375
Excitatory,0.062119777631315376,1.2940295353580056
Excitatory,-0.01342319957471394,0.5026989629267365
Excitatory,0.8055195723089816,0.4430441716607598
Excitatory,1.9170823849127978,2.5065069745067365
Excitatory,0.786593948548402,1.106426572208092
Excitatory,-0.8285355848567136,0.8416334488629815
Excitatory,0.45282064405015626,0.6814878594976771
Excitatory,-0.2168258589880011,0.8243117711571479
Excitatory,0.6943351527657589,1.149963627203639
Excitatory,0.5632592370682797,0.5271340957963705
Excitatory,1.8726201734701355,1.9150097876125602
Excitatory,0.5363509520056293,0.6497529307630561
Excitatory,-0.031044745525547035,1.1769632793069995
Excitatory,1.204719228911669,1.480403078420415
Excitatory,1.8402849356959494,1.4120378151332074
Excitatory,1.9434993962619331,1.7091153275160171
Excitatory,0.1943589643968915,1.1965896150564608
Excitatory,1.1758383973473208,1.1190981873483912
Excitatory,2.439593305134959,1.240930707718323
Excitatory,1.0006955004819902,1.4548410285386646
Excitatory,0.2827909673057307,1.0668146512317862
Excitatory,2.007141841641107,1.2750127620364144
Excitatory,0.0416234021523032,0.8406042640657021
Excitatory,1.123139013968054,1.7597530831160564
Excitatory,1.4416651248670918,1.0707988931714978
Excitatory,1.6479925697018873,1.8056810690216345
Excitatory,1.8549976935743264,1.0277647860403778
Excitatory,-0.3989380055874202,0.5544444751468144
Excitatory,0.487625632298572,1.1110334062954694
Excitatory,0.09762454108228302,0.5860076171992858
Excitatory,1.408885631518654,0.6824290830523818
Excitatory,-0.10492176026249378,0.9022341039877285
Excitatory,1.379272961503768,1.5323608391738355
Excitatory,2.039544961775285,1.7829367863554777
Excitatory,1.2846823943438168,1.6912397606343572
Excitatory,1.0082087125987242,0.8237671597677088
Excitatory,0.6215543883069838,1.0796378707993397
Excitatory,0.05537805751089775,1.18527220866622
Excitatory,0.5665838570226108,0.5936665072410877
Excitatory,0.9128014490708439,0.8904553218686635
Excitatory,1.5192220740397473,0.5313865460032713
Excitatory,-0.5335832642885375,0.7270198822972181
Excitatory,0.9856152162627314,1.3059231147883361
Excitatory,2.0160084286442936,1.5629428181287481
Excitatory,0.301051483990192,1.3261411802435
Excitatory,0.4999532094328901,1.2426129998006366
Excitatory,1.8090068631081966,1.5205609248770693
Excitatory,0.7889991980522952,0.9903172518679646
Excitatory,1.0418901909402514,1.5258815643428205
Excitatory,1.5454027811462143,1.7284143948561037
Excitatory,2.362642688905673,1.8464013417574532
Excitatory,0.9602129831600887,1.1818066273563064
Excitatory,1.8189883923733077,1.6285579725491073
Excitatory,0.7616172969815933,0.7503787498217174
Excitatory,0.639265377053924,1.4825871235084576
Excitatory,-1.0464072347842608,0.16406084588153025
Excitatory,0.22413097030364215,0.7325162911575769
Excitatory,0.9272051552564039,1.146079059731758
Excitatory,0.9213566239101183,1.3849834404097998
Excitatory,1.9362607101287064,1.5630932657339114
Excitatory,1.1517441231562486,1.2884470880263756
Excitatory,1.0241173906631322,1.201152927571509
Excitatory,-0.08120693730409045,1.0639360000432194
Excitatory,1.816102181441964,1.2787970917087734
Excitatory,0.8438784058018193,1.2488966341011907
Excitatory,-1.0108831868153603,1.2779467399970754
Excitatory,1.8683775800641012,2.0547112872946185
Excitatory,1.7388680803722458,1.2815478552676054
Excitatory,-1.0338043697626231,0.5551315155239782
Excitatory,0.9607710366947455,1.2064932408992315
Excitatory,0.40840775938848184,1.454137702579967
Excitatory,1.4726617920018445,1.4816516385987084
Excitatory,0.21050180533303642,1.8418900401945242
Excitatory,1.4967298644183247,1.5347048601889246
Excitatory,0.025791663332175196,0.40940667976618483
Excitatory,-1.2630196725719216,0.40230407542631363
Excitatory,1.1101859621962158,1.293253963663502
Excitatory,0.8331771463021864,1.3426263767789552
Excitatory,1.7187537399487922,0.9441843418185726
Excitatory,-0.21028910190958439,1.1937098114544484
Excitatory,1.0241296369232176,1.5052549121351648
Excitatory,-0.0912652607377693,1.4598610469558901
Excitatory,0.9860570058158467,1.2306833907991632
Excitatory,0.1570356515404162,1.0815865694168916
Excitatory,1.0143935028947508,1.2852657377304404
Excitatory,2.0016598987557543,2.113690587871768
Excitatory,0.9364103237059623,1.094792275692447
Excitatory,0.49727303854225313,1.2661589775184676
Excitatory,-1.323796225286888,0.5930455081799108
Excitatory,0.4690811544533194,1.8999794223354252
Excitatory,1.254293772736905,1.3649036291067602
Excitatory,1.0070155434663772,1.1112470850156206
Excitatory,0.36115111469348093,1.080361357045011
Excitatory,-0.6677107945214346,0.7316361910912366
Excitatory,-0.3285450523236223,0.5965629166846851
Excitatory,0.25024567826267097,1.3146510704925432
Excitatory,1.9620856729808738,2.1993271507428775
Excitatory,0.5523938991672805,1.0933996492343994
Excitatory,0.9158847051410276,1.3647816241236734
Excitatory,1.7058423800168994,1.8395908320345484
Excitatory,0.6802591629118122,1.915581545480515
Excitatory,1.4025897124992213,2.14900202145913
Excitatory,0.8008778618578638,1.4782649298797983
Excitatory,1.1556334394264804,1.4659596958806171
Excitatory,0.06996918542876995,1.0989317299746637
Excitatory,-0.26718453479959703,1.0244523030072834
Excitatory,2.1396834777836737,2.1718509973798596
Excitatory,1.1907202329511704,1.3141926103617314
Excitatory,1.6427689964871448,1.2087832705246038
Excitatory,0.12718317444798066,0.5627211819200071
Excitatory,1.3796613638316595,1.0121742292194302
Excitatory,1.2657499400346053,1.8089097220133312
Excitatory,1.467690262180223,1.4790286700624256
Excitatory,1.3879243476496814,1.0567627151988706
Excitatory,0.8810652824717472,1.9040562852605625
Excitatory,2.243156693561858,1.2293959425185221
Excitatory,0.8976053571314981,1.1860018679206403
Excitatory,1.5962133112085675,1.6579967459517286
Excitatory,0.9087496826291885,1.0797179985828154
Excitatory,1.0479465013151947,1.3078306443652912
Excitatory,0.9750922650196457,1.2783117290854837
Excitatory,-0.10282690027428487,1.086820233537149
Excitatory,1.2366396870941265,1.505543613974205
Excitatory,0.9705702097826036,1.7674020508758848
Excitatory,1.5682705839686466,2.1424557711603285
Excitatory,1.3561410990624168,1.7751301532923442
Excitatory,1.07313250255704,0.9956452034849403
Excitatory,-0.06428883957816378,1.1408669918825198
Excitatory,0.9474566461424015,1.5185828847686498
Excitatory,-0.8703264762808777,0.5788234997848579
Excitatory,1.0275034019774292,1.2075467863912612
Excitatory,0.8856574709391241,0.6398745393573902
Excitatory,0.6445883251283122,1.645099066834436
Excitatory,-0.08583858789741594,1.1210523934800516
Excitatory,0.28109265568119124,1.1212333992612442
Excitatory,1.9776950541901792,1.6948654249351065
Excitatory,1.0856769894873872,1.5830311146631593
Excitatory,0.7025167072712553,1.66461922939219
Excitatory,-0.6570095032133209,0.6041984682094762
Excitatory,-0.4451574493252849,0.25039795039460966
Excitatory,1.004575305950433,0.8897139259787807
Excitatory,0.39863356159439745,1.5896997817420533
Excitatory,0.8675810464640803,2.6241175523927054
Excitatory,0.7886667207656978,1.2726084567744085
Excitatory,-1.0555835771048332,0.5694137043287917
Excitatory,0.46449742644562947,1.302341605728702
Excitatory,0.9846451806862124,1.0877403213649643
Excitatory,-0.744492681648835,0.9653845062869797
Excitatory,0.524369736333103,0.5278106794010912
Excitatory,1.4117629680943204,0.7486394261186322
Excitatory,0.6197304706546307,0.43098547600830883
Excitatory,0.8246355987824028,0.6378782623953703
Excitatory,3.0154097243281086,2.449449584055494
Excitatory,1.18033944099039,1.4997945084322306
Excitatory,1.2663998964767822,1.7120745365560783
Excitatory,1.1908646986348752,0.9817954416979822
Excitatory,1.158249151896698,0.7983642484767631
Excitatory,0.5125634153549012,1.2761435897894242
Excitatory,-0.06656533312192614,1.0783522125947858
Excitatory,0.18665021285403682,1.8746434414302053
Excitatory,0.4891094787496748,1.3022175378822891
Excitatory,1.3209497796095642,1.476721873575893
Excitatory,1.1353796544964456,1.2637611262761945
Excitatory,0.940509709985417,1.3557781974526848
Excitatory,1.3647198701318517,1.9100811699364875
Excitatory,0.6926636111828135,1.7228267995440218
Excitatory,0.9856210299399005,0.9796107877804079
Excitatory,0.6191363045142846,0.9516914193982116
Excitatory,0.7065050003908984,1.2503559452759372
Excitatory,0.9337454942391277,1.7361921937609175
Excitatory,1.5368952669781657,1.3768654940418954
Excitatory,1.34330234578132,1.4366497727274825
Excitatory,1.3674232504497166,1.9198031774084705
Excitatory,0.7233776452166317,1.5150383171977575
Excitatory,1.9465388227023475,1.8179802908986444
Excitatory,0.05466317591634573,0.9547318551432196
Excitatory,0.08244223906578652,1.3654415377289844
Excitatory,1.0268219045638765,1.4644959845666845
Excitatory,2.2184759472736384,2.053035766263205
Excitatory,1.2247853788844547,0.7664720683603493
Excitatory,0.5704761163634644,0.9306387689306357
Excitatory,0.8952958650029841,0.8489547699719509
Excitatory,1.2466225682641137,1.8781765881574857
Excitatory,0.7875578349096861,0.7289690455427892
Excitatory,1.008965326595855,1.2524301500078805
Excitatory,1.688695649675052,1.5638519782077367
Excitatory,0.4707883786993183,0.64067413338908
Excitatory,1.175639096040209,0.5529731574048348
Excitatory,-0.05897211593034635,1.207980937191138
Excitatory,0.7771394682711953,1.2361103989173432
Excitatory,0.8677404390958511,0.784052893915978
Excitatory,0.5343054141830355,1.3299300355140669
Excitatory,1.423653862797627,1.1114968490385224
Excitatory,0.8480507189057352,1.611381390576712
Excitatory,0.9168586724399185,1.8508020072098779
Excitatory,1.0940557848455494,0.7761716398660599
Excitatory,0.8673273717603945,1.3424966364921629
Excitatory,1.3653993216643352,1.648914784182714
Excitatory,2.0224213750751145,1.9250096267356296
Excitatory,1.1125430157642422,1.1883865547507735
Excitatory,0.5621901301814768,1.6476957402581613
Excitatory,2.3562507223459503,1.9581845832390647
Excitatory,1.0807882616547213,1.2955733572488262
Excitatory,1.0852433617383153,1.3896894264354942
Excitatory,0.41006192234333305,1.4484430374452195
Excitatory,0.023094317177312806,1.0359485130748092
Excitatory,0.9566802933811546,1.559201352924241
Excitatory,0.889242683603364,0.9540172636501203
Excitatory,0.9438972147081379,0.9461963071268976
Excitatory,0.7098421847698588,0.9556077745169692
Excitatory,3.0571456774325556,1.3029447249335937
Excitatory,-0.18889620936975182,1.3463291607617165
Excitatory,0.8952138807206476,0.8022807563030168
Excitatory,1.1464802433130645,2.147795568118682
Excitatory,0.8242234499826501,1.5870920594561475
Excitatory,-0.08670079915510054,0.7307544017808472
Excitatory,1.0383586816232888,1.4154477781566557
Inhibitory,2.292779899662742,0.13564485553495947
Inhibitory,2.308945668209534,0.07010083497920491
Inhibitory,2.3763134245531,0.105490880680568
Inhibitory,2.9545498147331495,-0.3747709369307707
Inhibitory,3.3031116992549645,0.4031663487169085
Inhibitory,2.8592088776652456,-0.06049428569248405
Inhibitory,2.1257134281617986,0.22160718534871482
Inhibitory,2.019677876235844,0.4870782684709568
Inhibitory,2.8070222387826704,0.31697590892189087
Inhibitory,3.0611356435053843,0.2278623780411967
Inhibitory,3.9083271107874884,-0.06234433127340844
Inhibitory,4.767738062094021,-0.3529816841886605
Inhibitory,2.591298835116954,0.37658671401607935
Inhibitory,3.3630773646948073,-0.0765899306576169
Inhibitory,3.4051386782027873,0.04441437703834872
Inhibitory,3.733683469614373,-0.2883146682922909
Inhibitory,2.196137953275776,0.24131966499119023
Inhibitory,1.3059325472905097,-0.04958378406168215
Inhibitory,2.091592924298645,0.24663330606323067
Inhibitory,2.4846386635269937,0.5814936377709714
Inhibitory,1.9718724198262234,0.08852734628021802
Inhibitory,3.9871186922415958,-0.818793403757165
Inhibitory,3.32091013037404,-0.13405072110416827
Inhibitory,1.2156995297418611,1.0344008537279683
Inhibitory,2.6406473088288926,0.2834065236098257
Inhibitory,3.008436174770228,0.12397821746791332
Inhibitory,3.6497605868481724,0.400929507016907
Inhibitory,2.989657269402338,-0.02055507571422205
Inhibitory,3.4809460126155223,-0.02747001212549549
Inhibitory,1.1869734058855115,0.893691835610048
Inhibitory,2.541735809902463,0.14510378996499274
Inhibitory,2.0517845349785393,0.965939310468075
Inhibitory,3.1110028929225426,-0.1481303138480696
Inhibitory,2.522006100832669,0.1659948760851329
Inhibitory,2.828473732790273,0.3255286749723729
Inhibitory,3.027754408869416,-0.13313247173701367
Inhibitory,2.7190317057035904,0.3170148368806041
Inhibitory,2.1257871927826404,0.25992954650161815
Inhibitory,3.4604557772640865,-0.1583319977419421
Inhibitory,3.6696432420057414,-0.5730773514788747
Inhibitory,2.4465305971187643,0.019735955289680668
Inhibitory,2.333941922974896,0.5230607983334972
Inhibitory,3.5581625408302484,-0.16090155336160875
Inhibitory,2.952594578144186,0.577353990145843
Inhibitory,3.7223779323930337,-0.8508463962398185
Inhibitory,2.6006761788451107,-0.3862554240266438
Inhibitory,1.7631944513517335,0.3489841892528349
Inhibitory,2.1514916755229567,0.5581875818240278
Inhibitory,2.554485649468077,0.1533161594135355
Inhibitory,2.9782923708672437,0.5565978111111524
Inhibitory,3.156154600292275,0.24540924972689118
Inhibitory,3.333872071543074,0.2609898479951332
Inhibitory,2.8885208389744395,0.07015679230283757
Inhibitory,3.7341195031967436,-0.20484249445315825
Inhibitory,1.6690330096474324,0.21325355197215679
Inhibitory,2.6204289787432637,0.34009146892636627
Inhibitory,2.4963641209868497,0.6812396174018422
Inhibitory,3.113977281787809,-0.08012970270530811
Inhibitory,2.1175761437704432,0.6026230661773742
Inhibitory,3.1524031154715373,-0.3580051446066945
Inhibitory,3.8593741175212095,0.048040170064513166
Inhibitory,3.8337085531915207,-0.30675494211543985
Inhibitory,3.265001589838914,-0.6650794697675754
Inhibitory,3.0823807307832887,-0.1183252408307506
Inhibitory,2.8218613592883908,0.23693253009610454
Inhibitory,2.348904800980028,0.24103964154403182
Inhibitory,2.091275070724437,0.1672165925982642
Inhibitory,2.1130099953044277,0.4876670862294564
Inhibitory,3.56331952642681,-0.48065216898234864
Inhibitory,1.7364854110925645,0.4740219778022777
Inhibitory,3.1070853817433557,0.05562656747761469
Inhibitory,2.0349227942068797,0.4134191750117262
Inhibitory,2.2037915888924267,0.22149348703077454
Inhibitory,2.6742861696916935,0.027386377090622777
Inhibitory,3.055689645196268,-0.14942127526474516
Inhibitory,3.818148639087278,-0.2764578134559934
Inhibitory,2.1517841084093883,0.6467330641602449
Inhibitory,3.398010805101804,-0.06372452481729049
Inhibitory,2.836094540366702,0.184879642284764
Inhibitory,3.3580475259246745,-0.16047919442422134
Inhibitory,3.2946243479657165,-0.26295994014503465
Inhibitory,3.034342031119569,-0.2805986117650766
Inhibitory,3.0917583010801963,0.14910138518817595
Inhibitory,2.4846035421520605,0.3342653586768966
Inhibitory,1.5652015054979738,0.5724526551115974
Inhibitory,2.695128446467041,0.3246975263099028
Inhibitory,2.8812593954448382,0.3629549162982836
Inhibitory,4.0740730447980855,-0.38275986666164974
Inhibitory,3.556860259417999,0.2801823061526415
Inhibitory,3.5514520103606895,0.11713030935788257
Inhibitory,2.7211421522984534,0.2528798829891512
Inhibitory,2.252351034005097,0.5822475848048204
Inhibitory,3.15776720209097,0.0921973515755253
Inhibitory,1.7187607970195313,0.8464566569321066
Inhibitory,3.9888989623963096,0.0381936227442085
Inhibitory,3.2878157830214065,0.30614685956791476
Inhibitory,2.8226149867622428,-0.07081570231970835
Inhibitory,2.7614439327224423,-0.06508306751238524
Inhibitory,3.7704316976677026,-0.9701715455200127
Inhibitory,2.9379700177708705,-0.17656244917783984
Inhibitory,2.567788398544362,0.41865904730899817
Inhibitory,2.916000120903645,0.3850482942219451
Inhibitory,2.7432526664508634,0.10467502344786132
Inhibitory,3.0303982200470956,0.37705255779109215
Inhibitory,2.3602477801479322,0.20162196668149485
Inhibitory,2.424806537512073,0.13146711755936324
Inhibitory,1.9916464550439978,0.34767147916297214
Inhibitory,3.2463205970424043,0.32820104629992564
Inhibitory,3.0643817068282253,-0.16653471635847353
Inhibitory,3.5865291511648145,-0.7020439749399235
Inhibitory,3.0118945982832077,-0.3248252945181387
Inhibitory,2.5931044092183635,-0.19366576838189806
Inhibitory,1.7628824137410724,0.36582980276054466
Inhibitory,3.9997862453186457,-0.2805336780699158
Inhibitory,3.3614892484857446,-0.21766723105595812
Inhibitory,2.7495031935853365,-0.09258173961676022
Inhibitory,2.3993004995779064,0.17390188781238974
Inhibitory,3.4626944967852236,-0.07005065382771208
Inhibitory,2.318752841393356,0.25106257292572187
Inhibitory,2.302526136697324,0.45847898622310124
Inhibitory,3.0128296226096665,0.09217394330993132
Inhibitory,3.3341019707168544,0.05195291941852354
Inhibitory,3.6993498793318995,-0.46442996950434723
Inhibitory,3.291933527564314,-0.13645830763304934
Inhibitory,3.385986798127974,-0.26601861970747
Inhibitory,1.7237833722591798,0.42897267634305547
Inhibitory,2.321385820493791,0.0007578141496311502
Inhibitory,2.705853778059623,0.47753047663459725
Inhibitory,2.686975512490903,0.3525105441786681
Inhibitory,3.829076074020537,-0.010418944057330376
Inhibitory,3.2331655475120993,0.20077556902534868
Inhibitory,2.4349815706052502,-0.10529107666697021
Inhibitory,1.9513923390495709,0.7205965526343479
Inhibitory,3.6903447329511074,-0.3298807417557893
Inhibitory,2.6271617473809106,-0.46948245672781097
Inhibitory,3.2942756733880527,-0.11694536036245673
Inhibitory,1.6783447103367788,0.7061882258468479
Inhibitory,3.3063856020016695,0.1454423656728856
Inhibitory,2.7888706152008407,0.190483673170808
Inhibitory,2.410098574935092,0.6694973597803534
Inhibitory,2.7466084111860782,0.49446747464762175
Inhibitory,3.1714332658749185,-0.09682215392594876
Inhibitory,3.635585140511565,-0.4038326338630466
Inhibitory,3.108882601647806,0.03688330796745565
Inhibitory,2.7925276177576897,0.1790181723106729
Inhibitory,3.2832181515012357,-0.1787452334365475
Inhibitory,2.5196933357436886,0.18016622441687608
Inhibitory,2.4044103397400725,0.002365398365431301
Inhibitory,2.859793063376964,-0.39650317904202736
Inhibitory,2.7322596567216832,0.004539823218806249
Inhibitory,2.9667321649228904,0.16927659389189137
Inhibitory,2.9737234206964147,0.030714423008939465
Inhibitory,3.6133733985362353,-0.3731781303546562
Inhibitory,2.009114006020604,0.3551779325344796
Inhibitory,3.4392426572137995,0.35569513291181787
Inhibitory,4.2060462849678455,-0.35476887243367106
Inhibitory,3.7399035965591696,0.19139015338514626
Inhibitory,2.673954100962333,0.5885216564427733
Inhibitory,3.121139681847283,-0.045689130260392424
Inhibitory,3.2689323327690887,0.11445605490269985
Inhibitory,1.5557077811400895,0.6425221241028253
Inhibitory,2.9159046086015135,-0.129006746647998
Inhibitory,2.916049425802663,-0.044569934025248475
Inhibitory,2.300508656264016,0.27926363204918686
Inhibitory,1.5801044492604974,0.722076571780849
Inhibitory,3.201513313028593,0.035035218648108754
Inhibitory,3.137155418433465,-0.15116676482218203
Inhibitory,2.2779860781455996,-0.18045837994342842
Inhibitory,1.615114874456939,0.3705879468313148
Inhibitory,3.401131928530507,-0.14671560692686034
Inhibitory,3.7508958842892657,-0.06376292903640998
Inhibitory,2.0889858732143747,0.22216626114019855
Inhibitory,1.954696693227746,0.03216710667232703
Inhibitory,3.0315162812030754,0.1972264467949103
Inhibitory,2.3227596480711092,0.5941894826587119
Inhibitory,3.323275094648516,-0.2688105072318191
Inhibitory,2.939417076634416,-0.22441462015967942
Inhibitory,2.8777910908420514,0.22327447059820657
Inhibitory,1.7574361205635127,0.943661347374963
Inhibitory,1.7232680374825733,0.5682867095704459
Inhibitory,2.59341126665073,0.44229372711205783
Inhibitory,2.208051419748335,0.21107959008906596
Inhibitory,5.03101160078902,-0.30503050702761025
Inhibitory,3.331638225872957,-0.30213747767302523
Inhibitory,2.900769998697788,-0.39773415814640223
Inhibitory,2.3610779923062193,0.4130846664225556
Inhibitory,3.3145685769076287,-0.1941040187695767
Inhibitory,3.3932115706492887,0.11083763494408455
Inhibitory,2.2109679346754287,0.4193967355600817
Inhibitory,2.9373517784156404,0.4636119125882542
Inhibitory,2.056481427844277,0.5387666722623268
Inhibitory,2.9227345279284522,0.6412168349117139
Inhibitory,1.4891559126859306,1.1253990731583599
Inhibitory,2.7494312183744873,0.2816875241178091
Inhibitory,1.7067227877821685,0.17294739332471798
Inhibitory,2.656204978712241,0.1849600343605966
Inhibitory,1.1370934172445386,0.5861429501961081
Inhibitory,2.490045357664167,0.1808999669662542
Inhibitory,3.2805261496918896,-0.003369380625967061
Inhibitory,2.5080459653908846,-0.13371149588478573
Inhibitory,1.7473378681416794,0.5539399013178344
Inhibitory,3.7666199663176645,-0.2865018776871774
Inhibitory,3.299685816958752,-0.42671543497221787
Inhibitory,3.393446431767206,-0.19648936032730277
Inhibitory,2.9450701570541864,0.23552512258297745
Inhibitory,3.3387719972315244,-0.03761827208352886
Inhibitory,3.100620690890855,0.07772267982447822
Inhibitory,2.3140002483053133,0.21295228608955558
Inhibitory,2.983171948769425,0.5004890292691232
Inhibitory,2.0417940274314734,0.43908609469724824
Inhibitory,3.538221772799826,0.003940574017047088
Inhibitory,2.078466861360422,0.03525352799180559
Inhibitory,2.487596759154653,0.31662089003162464
Inhibitory,3.3248295109470787,-0.16809025291291088
Inhibitory,2.8502821146696173,-0.02953746428153184
Inhibitory,2.3847415560818743,0.6205356424884864
Inhibitory,3.9469771363699913,-0.40184778703380575
Inhibitory,2.3389366342042983,0.47763541313989155
Inhibitory,1.713268252974527,0.16068777628981717
Inhibitory,3.0886439590032926,0.5091854154594199
Glia,-1.054989157972814,-1.0164987659701252
Glia,0.30644353348775066,-1.145052945907619
Glia,-1.9309975975552023,-0.5951090529564182
Glia,-0.08413551867310542,-0.9970665252377091
Glia,-0.4669973883853155,-0.7134950583719876
Glia,-1.05953524704756,-0.37876564085368225
Glia,-1.9673820766531662,-0.7415202092971257
Glia,-0.5263089802570216,-0.9081539955599687
Glia,-0.5848033104021213,-1.1298934610405678
Glia,-0.9014760748289342,-1.1375963512127558
Glia,-1.7950636684100147,-0.9810395124832161
Glia,-1.6651210892698098,-1.368150201730442
Glia,0.5592630953412352,-0.9397094665704665
Glia,0.21354767340953473,-0.5113472549607387
Glia,-0.7015533663382206,-0.5785713026002149
Glia,-1.1517664264523868,-1.2780063459465716
Glia,-1.1050026106370758,-1.1356934432573131
Glia,-0.5291165377343234,-0.4521154293251083
Glia,-1.3676386496719086,-1.1529750128449352
Glia,-0.8297951678151702,-0.9367171921495452
Glia,-1.077144504736153,-0.6840556313243299
Glia,-1.041744958551696,-1.2801302729595403
Glia,0.3015699964973666,-0.4796434593236616
Glia,-0.7789443799964374,-1.2288200964576326
Glia,-0.7144585584410702,-0.79883835666801
Glia,0.22229276329159475,-0.42256837408136405
Glia,-0.9880002808209093,-1.00010444832622
Glia,-0.9197552536027361,-0.994634905787312
Glia,-1.0814562844689208,-1.1271226326125978
Glia,-0.8950216441540264,-0.9765866929025627
Glia,-2.016002584849247,-1.2682212633620598
Glia,-0.2897308046369883,-0.803498600191557
Glia,-0.3277092927436056,-0.7311070118920997
Glia,-0.4477399589351747,-0.6687800193222929
Glia,-0.7153162711312274,-1.2970962053940414
Glia,0.070278159221279,-0.7770290593208994
Glia,-1.9884731656279997,-0.9373937034639429
Glia,-0.1902523666528272,-1.2464248937529114
Glia,-0.48229436330001507,-0.9596305913562636
Glia,-0.5102795525988391,-1.1014598999193705
Glia,0.407172749784251,-1.0707633703089885
Glia,-1.4947400941907005,-1.2069109046342916
Glia,-0.8061148528586871,-1.1479000951673766
Glia,0.25951346492943594,-1.1137935027342776
Glia,0.8478750323316251,-1.1387071193084144
Glia,-0.5496146320297126,-0.508383074016793
Glia,0.814284081243722,-0.824779111576756
Glia,-1.7843465102754816,-1.3180621705243194
Glia,-1.163218353522078,-0.8699083299576634
Glia,-1.4730408521523093,-0.8400634376143594
Glia,-1.4463728282919306,-0.8711378075060736
Glia,0.9490962326984824,-0.5435662381326998
Glia,0.042753253793272106,-0.8131884968157697
Glia,-0.9803333702204033,-0.8674127536639153
Glia,-0.22396790810924916,-1.6428378076049484
Glia,-1.3680996253280764,-0.5117418054395019
Glia,-0.34303369843879994,-0.8598412008436571
Glia,-0.9974838030694908,-1.103604523251475
Glia,-0.7311770998095841,-1.8126129125603536
Glia,0.420403411347537,-0.707940440995676
Glia,-1.3487556339493982,-0.7147125957948712
Glia,-0.8966743623628796,-0.6298111377972346
Glia,-1.2177952395585991,-0.8271600391194689
Glia,-1.9349935024087337,-0.9181095821488059
Glia,-1.7993102165294887,-1.121735899698728
Glia,-0.42253628079889394,-1.3560577550072201
Glia,-0.6532453779282157,-1.0824755072127874
Glia,-0.714292076508114,-0.7160338740668997
Glia,-0.8012919110858715,-0.6548180568349748
Glia,-1.2927956775495346,-1.30353763485815
Glia,-0.06598402552200211,-1.1544119136482873
Glia,-0.4819816911338924,-1.1637829064023757
Glia,-0.8243703508615977,-0.8847997129393309
Glia,-1.256794204841092,-1.2330430816209452
Glia,-1.8009322853192884,-0.9174961866577239
Glia,-1.3599519207215207,-1.3218342259126676
Glia,-0.8260943948325778,-1.0941758338101621
Glia,-1.3728765474752787,-0.99503679700882
Glia,-0.7134455344007722,-1.1699557275721375
Glia,-1.1961955155591697,-0.7313595550044826
Glia,-0.7259524421482059,-1.1334100952790183
Glia,-0.9094215448307107,-0.8822643183429224
Glia,0.5321138757576733,-1.128384151614417
Glia,-0.5038697066392368,-1.1104195970155297
Glia,-0.588165231215122,-1.121453430865352
Glia,-1.2919424509311164,-1.2714114142738016
Glia,-1.167247014514231,-0.9839936976394955
Glia,0.5322777912470651,-1.0798995590898415
Glia,-1.3548514460541337,-1.2009638014395823
Glia,0.19103070558516644,-0.4786419015404707
Glia,0.15380228747444813,-0.724983464672498
Glia,-0.7545041149118095,-1.3013283664475748
Glia,-0.7598805833304094,-0.9128577081627524
Glia,-1.0822007246972358,-1.2045427363808479
Glia,-1.626245927993098,-1.0084578296407702
Glia,-0.9175967864772104,-0.7788610890123693
Glia,-1.2167761701912065,-1.2137849851230462
Glia,0.00385433513988509,-0.865298754722481
Glia,-1.842622357374977,-1.3397291837269925
Glia,-1.4972049080644463,-1.1508477961225065
Glia,-2.1322196622526435,-1.0160120633018015
Glia,-0.3480766050857888,-0.9660799636748327
Glia,-0.8669341759895738,-1.03633850768187
Glia,-1.1883870665953538,-0.7745899361920116
Glia,-1.5804721847079128,-0.49323599001931084
Glia,-1.5518592697775664,-1.0337481191643247
Glia,-1.4393235908891553,-1.2913119980057912
Glia,-0.8680497081729561,-1.4029066233430603
Glia,-0.43858358139691933,-0.90070043010106
Glia,-0.44612654726695294,-0.754615878281645
Glia,-1.3469895465028427,-1.1250411051256783
Glia,-0.9958107729169261,-0.7341223483028626
Glia,-0.8472050035242803,-1.227282739243034
Glia,-0.5410858030420606,-1.0696706822374766
Glia,-0.2512649144432666,-0.56419204247698
Glia,-0.08674259408061247,-1.0984896212767448
Glia,-0.1464173032003745,-1.133107380768536
Glia,-1.0757247753597676,-0.7852768487217412
Glia,-0.701685092236046,-0.4996016824077706
Glia,-0.22523084164237173,-0.8640339957733493
Glia,-0.012295740506943709,-0.8606623722494622
Glia,0.18891248022905727,-1.4337510785053509
Glia,-0.8248088477404517,-1.2425822045900696
Glia,-0.8766234330204411,-1.159315577737972
Glia,0.5117546648481874,-0.6655962819416086
Glia,-0.9056987477124159,-0.7863808653595192
Glia,-2.560425151258089,-0.8949747583403201
Glia,-2.2345833439095566,-1.1686310280360337
Glia,0.5751089124734556,-1.110228005323433
Glia,-1.350783510943662,-1.666461555771543
Glia,-2.1055578481018697,-1.1199083207686524
Glia,-0.6830295589922395,-1.1104169827725028
Glia,-0.5491893446680592,-1.0901111535088428
Glia,-1.4155229083277685,-1.1966743808760811
Glia,-1.5492250762922313,-1.7160765572811194
Glia,-1.0035914842085134,-0.9255340329374868
Glia,-0.014362161828913478,-0.7270778488831827
Glia,-0.9835103290997703,-1.247391617467505
Glia,-0.8854609820155774,-0.9280370488542915
Glia,-0.8264479531668979,-1.1375941178814408
Glia,-0.45613984187886186,-1.5546010146486662
Glia,-0.41749950850462453,-0.497184362778218
Glia,-1.6892983311806744,-0.9652476883210557
Glia,-1.044967097431563,-1.2308886378357302
Glia,-0.3511837356674027,-0.7701305848025726
Glia,-0.9775120502600998,-0.5616247725468113
Glia,-0.3556394339638474,-1.40784289441377
Glia,0.2730991233165392,-0.8106468046961072
Glia,0.3620321736404277,-1.0875953650807941
Glia,-1.3942384357708897,-1.1957781027235244
Glia,-0.576563942708046,-0.7701814985375228
Glia,-1.4231239988048632,-0.17855742889947424
Glia,-1.4181757034585094,-1.1887211626278646
Glia,0.5504418926990775,-0.3087946624697919
Glia,0.2560385465014656,-0.7442804582412084
Glia,-0.7745440712517084,-0.399621671505785
Glia,-1.6451399451468254,-1.2691275087557787
Glia,-0.7684228768313973,-0.9403890742405075
Glia,-0.06309104225888862,-0.864884511119767
Glia,-0.5978803537864714,-0.847258035384936
Glia,-1.0122236313468527,-0.966335580188069
Glia,-1.567122584330849,-1.3492366454408131
Glia,-0.7824756852370771,-1.0904199593222168
Glia,-0.3773946901024895,-0.9303627288330203
Glia,-0.6482715699993035,-0.7292921578734453
Glia,-1.965358927470008,-1.4553800172416889
Glia,-1.090071708318257,-0.5700793314286907
Glia,-1.162647679965696,-0.5812619807813474
Glia,-0.1067347886970158,-0.8734292875169861
Glia,-0.5334792126252845,-0.8087524809223501
Glia,-1.1450440055420983,-0.6625535421471485
Glia,-0.4817203972048628,-0.9531564998298481
Glia,-1.2313850617096118,-0.9095845247916196
Glia,-0.4303986215580893,-0.722332288553065
Glia,0.7632732189776341,-0.6085103507332688
Glia,-1.1877522181636215,-1.2201930460655255
Glia,-1.6122045242805314,-1.3609916353210931
Glia,-1.7076995810471418,-0.8704783409826369
Glia,-2.360269896558524,-0.8394414290998264
Glia,-1.1686616141112705,-1.4016391216371473
Glia,-1.3558866269028655,-1.088834743545391
Glia,-0.7373571480038826,-1.1190507011360458
Glia,-0.025318241522348406,-1.2273789125177468
Glia,-1.4604147313075282,-0.9039336893186916
Glia,-1.6607168903447218,-1.3221051220008555
Glia,-0.4459489494091409,-0.7885290878694591
Glia,-0.4084492808420094,-0.7682617754259187
Glia,-0.8063121994511225,-0.942478865089473
Glia,-0.6833112351425938,-0.9917292229465434
Glia,-0.13995878004444784,-0.8932439545551957
Glia,-0.18478073078328283,-0.9023474307411339
Glia,-0.06468139202487155,-1.4945763359170319
Glia,0.6434860199364625,-1.0147121633200467
Glia,-0.9886386404707646,-1.1420775369542295
Glia,0.5852474231452052,-1.1694632638499727
Glia,-0.9918895358640166,-1.0846674800476253
Glia,0.8063202192098478,-0.39909157838100373
Glia,-1.3668737845499115,-1.1405056589393932
Glia,-0.6516640215168996,-1.1745778167188379
Glia,0.20432832248472788,-0.7653879542250137
Glia,-1.943042853316845,-1.1320566453391834
Glia,-0.7981887877624014,-1.1166378070410532
Glia,-0.6276262465157038,-0.7823006309793237
Glia,-0.9332959973739048,-1.1736365005506622
Glia,-0.4687870650474256,-1.3984775364248643
Glia,-0.04740761418390338,-1.2348680938983376
Glia,-0.6753924151773678,-1.0230961552125146
Glia,-0.39133945009679133,-1.0860184539916824
Glia,-0.445441412084606,-1.3742852329524142
Glia,0.15398357947314578,-0.7133197828151988
Glia,-0.11086331773084457,-1.0340541439164574
Glia,-0.6040736213336985,-1.0750662221354994
Glia,-0.7625404527136932,-1.2738229404375172
Glia,-0.7436336295684705,-1.671515616272253
Glia,0.017136440892359328,-1.2039089124443125
Glia,-0.23210687799612395,-0.5537891924678353
Glia,-0.26359711244857664,-1.2187266075587067
Glia,-0.5868787577838108,-0.775627369911475
Glia,-0.25738193926189423,-0.8060000184579071
Glia,-0.7147308074696459,-1.0627891185474834
Oligo,1.5147085651499488,-1.3918933369462516
Oligo,1.5460284738801084,-1.5297781266505666
Oligo,1.4575900947592426,-1.380771290924279
Oligo,1.455970748782903,-1.166017671275852
Oligo,1.778322658068617,-1.3308878709022258
Oligo,1.1874506718914613,-1.4207346699812726
Oligo,1.354843281387796,-1.3498828417455653
Oligo,1.727351321314575,-1.3425436663222179
Oligo,0.6975383398419512,-0.8010147849229472
Oligo,0.7601309032516046,-1.132644934070076
Oligo,1.5340331030662648,-1.4363161651102836
Oligo,2.19194154537096,-1.9630482724432359
Oligo,2.245961968213995,-1.7929812199610793
Oligo,1.635489230788289,-1.2919110146484836
Oligo,1.4805596186836598,-1.2714840911307381
Oligo,2.5691708691597213,-1.997264238715766
Oligo,1.5222954735571284,-1.5971119550490782
Oligo,1.4228524811319216,-1.5185028433524046
Oligo,2.5375839140992382,-1.9394939810664478
Oligo,1.7553370035123723,-1.4835154843200702
Oligo,2.5089818747882475,-2.175040170816004
Oligo,1.6685481992545177,-1.1539739310670534
Oligo,1.8603039815120028,-1.9121131372795486
Oligo,1.9306249704428904,-1.7148036897299168
Oligo,1.4941828738583445,-1.496352810545466
Oligo,1.447958130289612,-1.3357374731764096
Oligo,1.9260218946154835,-1.9341011819022214
Oligo,1.6848413188729927,-1.9023185538727692
Oligo,1.6451404525280744,-1.2730536139419335
Oligo,1.611562629806991,-1.5659492679438831
Oligo,2.4003085767573147,-1.898473777510866
Oligo,1.8676208022683507,-1.5195084343615264
Oligo,1.0413598298356646,-1.1499171254260647
Oligo,2.5711153202140107,-1.9681850096915843
Oligo,2.321768941619102,-2.1940700944874143
Oligo,1.5876162596692558,-1.258077874544653
Oligo,1.8527271609045517,-2.132610797673036
Oligo,1.6654192669348014,-1.5799900065222785
Oligo,1.4190353016476884,-1.2565575868460592
Oligo,1.2667294703074508,-1.1712799936064116
Oligo,1.7982268139298867,-1.7879792947643822
Oligo,1.3013305246698073,-1.8856034583908925
Oligo,1.7537498243393776,-1.6419055937153058
Oligo,0.5434142243758666,-1.2135628057663126
Oligo,1.6967530886240816,-1.0914488938236389
Oligo,1.4649736379556366,-1.7174056107387035
Oligo,1.1415609856205258,-1.7214917742604523
Oligo,1.1232901498115602,-1.4053246966427115
Oligo,1.6884372835426849,-1.3160311369637712
Oligo,1.5956429332223059,-1.0568194087271716
Oligo,1.512670822292532,-1.4100895056518743
Oligo,1.3169371044197091,-1.5896124067909123
Oligo,1.1582245520058727,-1.334787461442907
Oligo,2.1883716380300386,-1.9843103028225924
Oligo,0.8972696041403306,-0.9658414069271831
Oligo,1.5502239646176035,-1.7593170767314292
Oligo,1.7459695691147104,-1.581711557606785
Oligo,1.0458491624239366,-0.9144592752555745
Oligo,0.8044344795233862,-1.17671971724322
Oligo,1.6548788420928278,-1.9442173377764504
Oligo,0.2894279456887723,-0.7624984543096827
Oligo,1.6093155637261447,-1.5292849025713864
Oligo,1.182550845411505,-1.5584359555948812
Oligo,2.1496076164807065,-1.683191679603645
Oligo,1.6848680937287521,-1.4633900405692375
Oligo,0.805080053811744,-0.7986290493167431
Oligo,2.267773315225561,-1.7876688035712966
Oligo,2.0012604064151858,-1.7386543758699906
Oligo,1.3999521505835042,-1.9045861458046036
Oligo,1.3530156766868502,-1.2864901943455724
Oligo,0.9686813326924267,-1.4338497583620726
Oligo,1.2890911824135793,-1.5111257781363385
Oligo,2.0847995556258967,-1.9417441997054001
Oligo,1.6681489518608172,-1.2318379153276604
Oligo,1.1281217454811865,-1.1087128774992396
Oligo,2.2012701504268137,-2.1360771167750485
Oligo,1.5168305482176778,-1.2063208043953124
Oligo,1.9375083428050224,-1.8764796480217805
Oligo,1.2897169962235218,-1.4203167946266022
Oligo,1.312777056731139,-1.1294844385010328
Oligo,1.3775361494546585,-1.521819967962364
Oligo,1.3600054670124133,-1.1257327603380038
Oligo,0.2886017859842356,-0.6822123218353764
Oligo,1.6324956378390343,-1.687933757339965
Oligo,1.2151061905560183,-1.1069470573571687
Oligo,1.9300039676938148,-1.260428548048083
Oligo,1.3597730876024876,-1.2292059216034361
Oligo,1.27595961708433,-0.9776145745803845
Oligo,2.1323072142705315,-1.7178680242083373
Oligo,2.1624410820110356,-1.7160994107904899
Oligo,1.8200072002869492,-1.647654630213384
Oligo,2.0960861224935083,-1.7062026640068422
Oligo,1.4654186172355208,-1.4092181621816282
Oligo,1.877536701742097,-1.3206618771782281
Oligo,1.6377043061049092,-1.5463264254952247
Oligo,1.1501730576457545,-0.9806651406723972
Oligo,1.7666107464906258,-1.558771356875467
Oligo,1.7779563815478951,-1.4776562475975166
Oligo,0.7970725510064219,-1.1408789357141897
Oligo,1.601590170905933,-1.2972650517659654
Oligo,1.9358528779320154,-1.5060643417603188
Oligo,1.8574928079746855,-1.5199001769130396
Oligo,1.2624949246915156,-1.3765460504221299
Oligo,1.503216779604433,-1.4820359239186376
Oligo,1.933130096201609,-1.7161483295461424
Oligo,1.6398709991425484,-1.5282310784745794
Oligo,2.2165660232633204,-2.0280530628121882
Oligo,1.858289046240394,-1.7944015946496212
Oligo,1.823567565261533,-1.5590571508419657
Oligo,1.4241897983847265,-1.6052264441305253
Oligo,1.8030880356893273,-1.5813523521367683
Oligo,1.5031752085679648,-1.4547666443521299
Oligo,1.7505361666665606,-1.039886892985235
Oligo,1.258387724949835,-1.6159058432590565
Oligo,0.9771936568009654,-0.8867054199500609
Oligo,0.8926408931826724,-0.8603339637281137
Oligo,1.411399252504812,-1.3129645415062177
Oligo,1.7115444682462984,-1.363138185957648
Oligo,1.3823891317796135,-1.3694427413094825
Oligo,0.9690717861485806,-1.568043815590963
Oligo,1.9990656153436006,-2.11469128234364
Oligo,1.9375306972309292,-1.5097339233821376
Oligo,1.661549376957687,-1.7645940007863792
Oligo,2.2034072881944704,-2.205568800447019
Oligo,2.1856797592845174,-1.612847975215375
Oligo,1.1047266678440486,-0.9797980010636061
Oligo,1.3012863394384337,-1.1531651085056438
Oligo,0.9522147340377944,-0.593695821192657
Oligo,1.9895815937019679,-1.728192239604952
Oligo,1.6829505448176774,-1.1675992774038013
Oligo,1.9544727429674909,-1.6133942735908493
Oligo,1.4772118166936583,-1.4493095130019842
Oligo,1.5560386826885426,-1.6276521547564058
Oligo,2.0055364690292983,-1.3072421077694787
Oligo,2.05263926512407,-1.5658006745914794
Oligo,2.2091613399713035,-1.3067728595888455
Oligo,1.3040813642125093,-1.6790769753113204
Oligo,0.3315508749818805,-0.6724133206640297
Oligo,1.9968760275213793,-1.4580659024478992
Oligo,1.0204838487654073,-1.1654298210571326
Oligo,2.253649905840169,-2.2827394713670084
Oligo,1.2757060518132142,-1.2932703018431941
Oligo,1.2501583403079057,-1.2090441334093296
Oligo,0.7553151132898036,-1.0329123637506257
Oligo,1.5297154821284276,-1.1719543511977413
Oligo,1.9864164203069126,-1.5948237258638058
Oligo,1.3310514396872266,-0.973157629233985
Oligo,1.7297649065902054,-1.24646677370931
Oligo,0.7930042395813542,-1.1954038972129533
Oligo,1.5006595721404516,-1.066161018911909
Oligo,1.1425067677349756,-1.1780843930989189
Oligo,1.5202108470256992,-1.2088811085254072
Oligo,1.7556259907053136,-1.1899003559529413
Oligo,1.4487209730590405,-0.8524546090313273
Oligo,1.5061605185534501,-1.7156373828428502
Oligo,1.969240865095851,-1.7612314217837612
Oligo,1.3869643431562806,-1.0042079172032699
Oligo,1.2829747927936568,-1.5506448885235498
Oligo,1.8747892048654111,-1.4858768400688747
Oligo,1.797599632933612,-1.9841220383698543
Oligo,2.398918522063842,-1.986347266144015
Oligo,1.7781399343599733,-1.8834750259879405
Oligo,1.179155223446489,-1.3325521552418589
Oligo,1.8857857138296792,-1.1496196303531871
Oligo,1.745822260825314,-1.5550081624142167
Oligo,2.454518160385739,-1.6945436513893812
Oligo,2.0054705173687135,-1.8737666870354488
Oligo,0.6139898709800234,-1.353787350974082
Oligo,1.3784420920558558,-1.5072780024150083
Oligo,2.2405947554003376,-1.4522005288838171
Oligo,1.3979242273218873,-1.3990749142847185
Oligo,1.4321585799930274,-1.8333734212830026
Oligo,1.782448048017524,-1.3668683424654329
Oligo,2.8003432087940308,-2.6465112910558206
Oligo,2.2985161416756825,-1.5408523823774767
Oligo,1.1720550448029696,-1.1979536305750431
Oligo,2.3109576564554173,-2.097553817047304
Oligo,1.6263738859650163,-1.3840560397757327
Oligo,2.405806125504128,-1.889100427431055
Oligo,1.6177179706852993,-1.277690584361011
Oligo,1.1509248169570487,-1.4546531170203072
Oligo,1.5705029556375503,-1.4671647893499187
Oligo,1.8282061531736362,-1.5487770383143895
Oligo,1.2676542475201598,-1.684851628234878
Oligo,0.8416474859174133,-1.0087325574453105
Oligo,1.9748224521418085,-1.943282096637156
Oligo,1.521225137069829,-1.2398220851623047
Oligo,1.1950037650229888,-0.9917613605376336
Oligo,1.418946181427939,-1.4588409968887064
Oligo,1.9249385435508553,-1.8390686057799095
Oligo,2.0367952546252934,-2.031310305229361
Oligo,1.2478726845312946,-1.3323755251084968
Oligo,1.9280434126549313,-1.9289959335992457
Oligo,1.8739121052259589,-1.5492576920511862
Oligo,2.1474416429549468,-1.9866504587266633
Oligo,1.9804102308474913,-1.5054719586352192
Oligo,2.609995902415089,-2.170174302214117
Oligo,1.9205160187875983,-1.6432015986073822
Oligo,0.1436084116311116,-0.42393298889542597
Oligo,1.4570142152368668,-1.6690282636027622
Oligo,1.2092021928882748,-1.2583991370811254
Oligo,1.6682891597089469,-1.551666512325198
Oligo,1.3978206766835686,-1.3355672150611004
Oligo,2.039195365007028,-1.8278701879175698
Oligo,2.4126483544036543,-1.6632675235644463
Oligo,2.086436940386128,-1.9337669740332286
Oligo,1.2454547101449116,-1.8944826787841145
Oligo,1.4605261152355538,-1.4941015068079453
Oligo,0.9097855979971502,-1.6067140785137706
Oligo,2.086515204468909,-1.5855626574476656
Oligo,1.569969209735962,-1.2776300752201193
Oligo,1.1662929761322598,-1.7141665809037414
Oligo,1.4728245102434516,-1.5429530145252035
Oligo,1.4165096573887928,-1.4187964827948971
Oligo,0.8432953323483028,-1.3957371073692224
Oligo,2.0576942401576117,-1.8092122343315573
Oligo,1.622106669881926,-1.8179998254391476
Oligo,0.13505707850110116,-0.8704387892377901
Oligo,2.2061533040647845,-1.81175374080232
Oligo,0.5054459940498901,-0.936327058609511
