x,y,abundance,delta,region,hub
45.45761502792526,17.116650387028876,0.17866664423020592,0.17220117718596187,Striatum,Background
33.40495000339697,18.597007782124493,0.04412772218484883,0.04704631475027739,White matter,Background
35.20554184443441,18.581548025114124,0.07648543270563213,0.06883740145812983,White matter,Background
38.794886707005226,17.54097049082365,0.17357515535988702,0.13136475515154436,Striatum,Background
41.31417550390412,17.942528086261692,0.14907801835919246,0.1419342562728258,Striatum,Background
42.45526071273548,19.15744112240729,0.13158513602314373,0.1955125648885799,Striatum,Background
43.59314546557861,19.30653369235592,0.16359197492564143,0.08592258345571507,Striatum,Background
46.181127968743866,18.55354970941896,0.20869283481413892,0.22000162121129746,Striatum,Background
50.44904115701516,18.252680670083866,0.2701806038283048,0.3675377156164518,Striatum,Background
52.38690965564632,18.502168943798413,0.2982071162134133,0.4310357532164467,Striatum,Background
56.80985036785579,18.235470498443856,0.22689136598954096,0.484885768665846,Striatum,Background
58.40422614426238,17.86785472903862,0.28858124763615955,0.5594871881142172,Striatum,Background
59.172104125828454,17.78953027313218,0.33209628083349235,0.6010579425653928,Striatum,Background
61.43447279943568,18.906932222288738,0.3855417981106053,0.7292763581167178,Striatum,Background
64.33223026377297,18.281417121351428,0.2983202893415457,0.6291611890595357,Striatum,Background
65.98130790601179,18.32549111551661,0.38683575802466785,0.7368680235157475,Striatum,Background
31.960440827176907,20.68410864090909,0.0878280113069531,-0.017600720031657215,White matter,Background
32.95965023302449,20.015472132306016,0.11602134414404558,0.036494913343443895,White matter,Background
34.568718221782476,20.466639682109292,0.1288210706122116,0.0708163722879343,White matter,Background
38.86717529722133,20.75687482426416,0.17525744512136038,0.04949093512506912,Striatum,Background
40.58077744216876,18.578331380485224,0.07260962046802108,0.13317857564752353,Striatum,Background
41.36112878551322,20.408636936934847,0.14884555497083377,0.1522372410358707,Striatum,Background
45.15566833081019,20.153641436643944,0.174274516470447,0.14515008873604368,Striatum,Background
47.03259390712205,19.725087419213963,0.2104198031259206,0.24240781689883126,Striatum,Background
49.3216051423211,19.556046088693826,0.23020391915188324,0.2759095455053804,Striatum,Background
50.302255654058285,20.722935828552224,0.25216432925481636,0.2908598972445163,Striatum,Background
52.98195942151489,21.394046504140693,0.28749034364461035,0.3535432379192829,Striatum,Background
53.89198509880254,20.502086493627317,0.3010164909890965,0.5026702769136229,Striatum,Background
56.085966921902866,21.05152552240126,0.38028687485761925,0.6020291136864245,Striatum,Background
60.480879775201956,22.604634208027242,0.4086505169596964,0.7097219566564273,Striatum,Background
61.72160799594889,21.197723007269925,0.4095327102952706,0.5499293707628224,Striatum,Background
64.42219879907844,20.79511937608975,0.466594248671624,0.8172439424861324,Striatum,Background
66.29306423133531,19.31455441009613,0.4560604940995686,0.6500520425468934,Striatum,Background
68.2605295749132,20.716897755994157,0.4168102514810242,0.7932608132071338,Striatum,Background
70.46629152644478,20.937266630602515,0.49748808894838453,0.8211109476671694,Striatum,Background
73.41313076551936,21.213951800297988,0.42038898224410853,0.8673658176165827,Striatum,Background
26.1906318270237,23.281966432984476,0.054906007329125234,-0.1281721940869277,White matter,Immune hub
27.928659020082563,23.184876495058163,0.05296732491042089,0.012883144361339697,White matter,Immune hub
31.12155241922734,22.392947117016796,0.06640798898194736,0.04504154795717177,White matter,Immune hub
33.7860470216766,23.505003284487113,0.09186197607519313,-0.003452820376034893,White matter,Immune hub
35.80980017078952,22.185064149675956,0.1159305205167558,0.020971241250483826,White matter,Immune hub
36.774259691221744,22.891989672736877,0.0564746359857405,0.1282653009932988,White matter,Immune hub
39.88334478716584,23.94557176027738,0.1301034732469359,0.10169346301747176,Striatum,Background
42.89756419357793,23.664383290314287,0.22489721640983876,0.046419253274516695,Striatum,Background
44.714014949551455,22.943500929258256,0.161027556143717,0.16680056143598626,Striatum,Background
46.21466044672183,22.416418507579856,0.2517787463667334,0.26859971250662074,Striatum,Background
48.54414770538294,23.754212660484143,0.23084899243058554,0.41405831553539146,Striatum,Background
50.73984671924455,22.082915928239764,0.26720549774862173,0.3763306997937108,Striatum,Background
53.43390381809244,23.187862482097675,0.31689781126792593,0.5580974741351781,Striatum,Background
55.19280314504041,23.983086641505928,0.3822570662059229,0.45991927021611856,Striatum,Background
58.00384468311804,23.65884262020394,0.42147074268632867,0.540249525512099,Striatum,Background
59.98860445714855,23.553028143536554,0.46747003269851156,0.6189040857785227,Striatum,Background
62.17091526151028,23.51922024171302,0.39008992050597263,0.7298803385189755,Striatum,Background
64.8389016576976,23.40785042120025,0.4547899481405808,0.8575444881968642,Striatum,Background
67.07721636833872,24.154086114872467,0.46669198341431506,0.8376435428573242,Striatum,Background
68.34540982531254,22.61634031561774,0.4246566870175783,0.9217276373555058,Striatum,Background
70.62092908291922,22.03459613789853,0.4585908318787605,0.8251516249039683,Striatum,Background
73.72082865986049,22.333524702810283,0.48511531070166664,0.8561290675361536,Striatum,Background
75.00448679488123,22.506848794575266,0.3840717185026684,0.8684505268923379,Striatum,Background
76.50139898888189,23.18228835892637,0.41633596139544765,0.9165248431903177,Striatum,Background
79.1861689190129,23.74127455285172,0.4232705431764939,0.6839544234645684,Striatum,Background
22.730095331783545,25.838117976531795,0.066503509967392,0.0029399781041114445,White matter,Immune hub
24.20248457585866,26.302835507515006,0.041907988610627146,0.013698067485809921,White matter,Immune hub
27.138218115160992,24.111143192550962,0.0717991442466305,-0.046845216892958993,White matter,Immune hub
30.292057906456424,25.885820626708423,0.11206901487130558,0.11634825324298076,White matter,Immune hub
30.74752445942423,25.22793042448697,0.09245878687599682,-0.04832680443968432,White matter,Immune hub
33.84151626477791,24.419628649671903,0.155955123393301,0.0002558018592233591,White matter,Immune hub
36.33603587420478,25.99663378873506,0.158052958339522,0.006958000953403501,White matter,Immune hub
38.62831146826109,26.41102176203314,0.18176520523033846,0.05011923115614916,Striatum,Immune hub
41.887132855382326,25.54706471152689,0.22471441473883058,0.2600286297505019,Striatum,Background
42.317918719605956,25.168978016814947,0.18526507636985257,0.13146990397508984,Striatum,Background
44.691775983622925,24.842081045066642,0.22666572297553403,0.23715574196935685,Striatum,Background
45.92864704759411,25.102243626633374,0.2248379446603659,0.34275042854637805,Striatum,Background
48.54723098570008,25.280398991874776,0.26599935515308204,0.2965492906135519,Striatum,Background
50.39897190145098,25.925096480727525,0.3188004735948308,0.4196547390871278,Striatum,Background
53.35456525901233,25.127273622035396,0.37039322087824406,0.5078335874057074,Striatum,Background
55.80868392333817,25.455579479099914,0.4488632207697293,0.5450413626384616,Striatum,Background
58.18471660074417,25.532207724688263,0.39802991850671543,0.6002039474357772,Striatum,Background
60.45610308518931,25.11877976190066,0.49482569080972916,0.7096504516059641,Striatum,Background
61.68930943586299,25.45413930195319,0.4643676899501088,0.8443900487595052,Striatum,Background
63.511891199252176,26.286422794115555,0.4542973547106292,0.7984331089085879,Striatum,Background
65.70603537186452,24.162396213566684,0.49432309610845393,0.8845777529488685,Striatum,Background
68.43470088161644,25.58535916794278,0.45518577309244734,0.7959912541395047,Striatum,Background
70.5144101225804,26.573635802961604,0.5671285542598348,0.901061622810976,Striatum,Background
72.15762527635896,27.06923232132088,0.5115275903827683,0.8666611712697819,Striatum,Background
75.5327476550032,25.726102673011354,0.471660283757199,0.8808795897591806,Striatum,Background
76.61035312992347,26.136416734007497,0.5355586666815029,0.9505817191455257,Striatum,Background
79.53148555926296,24.6905522288115,0.4260250992147276,0.6933991400997382,Striatum,Background
81.37539133560547,26.0330779957703,0.44509865913699465,0.8281416688948225,Striatum,Background
20.75130434944816,29.529349102319056,0.13635664319313737,-0.024271475009880476,White matter,Background
22.727907734688284,28.077129772369123,0.051552388311882136,-0.061037708200945805,White matter,Immune hub
23.64424108300425,27.779896801421295,0.06925738965964448,-0.05914978780304385,White matter,Immune hub
25.751874754329577,28.389782392491036,0.11600225276802895,-0.008477609201070685,White matter,Immune hub
28.51540348246954,27.72268511629259,0.13544829811161252,0.010891225913545168,White matter,Immune hub
31.990511405617777,27.921057850966942,0.12635451081198562,-0.08477939526662502,White matter,Immune hub
33.77050300995537,27.85965040867537,0.20044544237720271,-0.07907056878291718,White matter,Immune hub
36.62902500355835,28.489304373391068,0.14204162009026441,0.01567734760410952,White matter,Immune hub
38.8334256634339,27.94980837696912,0.20107778696667686,0.09636044067766525,Striatum,Immune hub
41.39252169387138,27.85756838287283,0.17519949498451187,0.13315920900798497,Striatum,Background
41.60923613407,28.024743943275457,0.2596700851941,0.11270499886986111,Striatum,Background
43.64707965542578,27.825499273051825,0.23716028136260534,0.18273329527795493,Striatum,Background
45.88165609611512,28.404704920196032,0.2555280173532986,0.2699160399013235,Striatum,Background
49.906259023238285,28.659859887232525,0.3778772686470562,0.39711504217201843,Striatum,Background
50.79181213023736,28.372862396396133,0.37801689382305653,0.47989443576624763,Striatum,Background
53.519271977283125,27.954713861759817,0.44131959621984995,0.48551597368280996,Striatum,Background
56.91846177163171,26.01055204431175,0.41727188526450343,0.5954224430005817,Striatum,Background
57.39790822169585,28.640194147665376,0.5206264186274859,0.6328561443256373,Striatum,Background
59.41917260350066,26.791227703777903,0.4252215862449268,0.5960254717462319,Striatum,Background
61.371021813969016,28.077589817240924,0.4984262419337767,0.816756592186938,Striatum,Background
64.99284380989111,27.335370346693267,0.5008554023662373,0.7970379182537731,Striatum,Background
67.23374003049476,27.513607602015146,0.47891180993647087,0.8082145488767489,Striatum,Background
68.73519186488717,28.067207656730012,0.5433117221450104,0.9719202059836745,Striatum,Stromal hub
70.58118322383774,28.941251260278225,0.5543636699570377,0.9747113267665758,Striatum,Stromal hub
72.96757504304645,28.251133728668353,0.5386296420731839,0.9311445225302082,Striatum,Stromal hub
75.53298928627247,27.104925388380167,0.42988232625670336,0.8330077156897773,Striatum,Background
78.23874578741014,27.27152265467309,0.4637130581410314,0.9154669825113635,Striatum,Background
78.90090272128799,28.76192367890102,0.496252991521422,1.0099842484602208,Striatum,Background
81.26133497264976,28.391788818569246,0.3714981864772788,0.6689723324203496,Striatum,Background
84.69100865931779,27.80239123977683,0.3911241077830768,0.6419238086140479,Striatum,Background
19.019853616649705,30.152996083163107,0.025236147273796097,-0.05545481924257451,White matter,Background
20.55140721911882,30.894491239510067,0.07742377508684706,-0.06075046530838494,White matter,Background
22.413217254521236,30.416542429322078,0.09837287422884361,-0.07923149089008763,White matter,Immune hub
24.814715987423227,30.63404635387949,0.16459351487922447,0.0044764363561131115,White matter,Immune hub
26.710957083365578,30.578149646880558,0.13160928005111835,-0.09479707713190162,White matter,Immune hub
28.975430617991435,30.246692778854374,0.17568103217968378,0.002057083456794777,White matter,Immune hub
29.644102100498532,29.71651780504607,0.13222120849209495,0.023694276396011307,White matter,Immune hub
32.77137213761115,31.64944474392163,0.20654538232847372,-0.03668405296127063,White matter,Immune hub
36.533848944583994,29.573641667400253,0.23900886632210336,0.03711681555680932,White matter,Immune hub
37.763194603052916,29.962785297876643,0.2720868759022346,-0.11885643851948194,White matter,Immune hub
39.45300520173288,29.544210178597968,0.26145337076837,0.06221113187500474,Striatum,Immune hub
42.67697528832393,30.790627069820157,0.2266565510875586,0.0486814766777324,Striatum,Background
45.620840291244,31.65883131327511,0.3578016812368261,0.2010347476361048,Striatum,Background
46.68641931877789,31.753020450190583,0.38910287188004583,0.2914734936309205,Striatum,Background
49.51648101294081,29.618672242870037,0.42530207924386687,0.3420908317872982,Striatum,Background
50.61696874486198,30.204799337278825,0.3631318293080693,0.35878247918999934,Striatum,Background
51.95329404594406,29.950726562546485,0.5052765168909592,0.511664596308738,Striatum,Background
56.64869118638419,30.53611243824445,0.487272635334858,0.5929423878328267,Striatum,Background
57.13155816051045,29.984939125665722,0.5153115020649042,0.5979466043564928,Striatum,Background
60.47762312607298,29.647069474342718,0.4909929392863069,0.7801229342646703,Striatum,Background
62.85413332264182,31.205395967896102,0.5123274585483846,0.7717406785839268,Striatum,Background
65.51895101730908,29.438886961093363,0.4954762020689091,0.9893968891300113,Striatum,Background
66.07270820509152,31.27694167965135,0.5759252455707566,0.8493424385431001,Striatum,Stromal hub
69.48811916729356,30.001318234943362,0.5767199415466496,0.9903139363151053,Striatum,Stromal hub
70.15984303541951,30.7063735435158,0.6183726587331859,0.8836492277401442,Striatum,Stromal hub
71.98114780124169,30.488059541325235,0.5800469113136935,0.8798684397121659,Striatum,Stromal hub
74.04377209290746,31.41565865409144,0.5435583966998537,1.0025359618653333,Striatum,Stromal hub
77.60930746463686,30.901617615563527,0.5623278068492197,0.8881736088054215,Striatum,Stromal hub
78.54368335770079,30.104175571448447,0.5044951476386506,0.8603721767434167,Striatum,Stromal hub
83.8253987335405,29.65837735235559,0.4000414763903308,0.7491867167140314,Striatum,Background
84.84603726001424,31.668952224616984,0.37367592038279734,0.6068701776003352,Striatum,Background
87.02354353372631,31.02682984710282,0.2995824255412965,0.6483168217694956,Striatum,Background
19.135107370963045,33.226273977220856,0.17306854520610504,-0.1447025727867046,White matter,Background
20.67607502834217,32.944103717737136,0.13583755086811267,-0.08876278470966836,White matter,Background
20.871349385934728,33.90693620596513,0.08743419292223154,-0.05056275714760872,White matter,Background
24.35501647248286,32.7125480504629,0.15820474111780064,-0.10888096191530462,White matter,Immune hub
26.94953450743976,34.70295460676314,0.23402075580577547,-0.008018976003383346,White matter,Immune hub
29.97132913642608,33.87580657493155,0.2545812398287135,-0.05884674906920117,White matter,Immune hub
31.501590314309354,33.004998775004886,0.1765308295255645,-0.10554118811175033,White matter,Immune hub
34.14829088806338,32.09571822719064,0.15702925259414724,-0.1099712727717079,White matter,Immune hub
35.0218713323087,33.78585102255708,0.2558847008881635,-0.10393975465125217,White matter,Immune hub
37.422708285500725,33.86098374018166,0.3119814112573448,0.027755683081480527,White matter,Immune hub
39.61775002651453,31.174641222416696,0.16934038539364432,0.06673642190525121,Striatum,Immune hub
43.35025740921257,33.3815496692783,0.31838564871409464,0.13455318742532807,Striatum,Background
43.20369646663325,33.28143077906288,0.32418720613659413,0.10636997950577273,Striatum,Background
46.405296166412505,34.32230433464687,0.3837297768356125,0.10750859038598361,Stroma,Background
47.53705239584658,34.26148625252179,0.3633337904637201,0.297647441780431,Stroma,Background
52.33306371425414,32.05136447578925,0.4132970640233063,0.3853284973506796,Striatum,Background
53.856526654311416,33.19081518339811,0.4894826333103883,0.4781942103615846,Striatum,Background
54.89139497479416,33.144839755470436,0.5284753142979297,0.4793548786160399,Striatum,Background
58.23287399457873,33.79099526612133,0.5159930642607408,0.6206890447661324,Striatum,Background
60.42109909859095,31.523954251630865,0.5333245441656802,0.6913608951794343,Striatum,Background
61.89819612271343,32.74819180859923,0.5525226576524254,0.7528609791461979,Striatum,Background
64.51828569551748,32.80530827694337,0.562488252680701,0.8555238212095531,Striatum,Stromal hub
66.31472986444193,31.03537687963735,0.5374684407512552,0.9034033705412229,Striatum,Stromal hub
68.51271447352522,33.422211857551254,0.5895201013838385,0.8514608645987897,Striatum,Stromal hub
69.56129378766842,33.00076221522154,0.5584917200455091,0.9083107291625702,Striatum,Stromal hub
72.34788007706412,33.357022999271095,0.6695959529602112,0.8239351666115927,Striatum,Stromal hub
75.77385749817817,33.536751133801765,0.5868009197375434,0.9848361398303261,Striatum,Stromal hub
77.5599429037653,32.68958371037391,0.6092256139467107,0.8871966585858152,Striatum,Stromal hub
81.26328866784445,32.36428074160544,0.4777525889868303,0.8821381141500717,Striatum,Background
82.80351747514408,32.88705984615399,0.4305981499020664,0.7829858975867586,Striatum,Background
84.36409304005193,33.17133857025125,0.42712283002341844,0.6660765538217996,Striatum,Background
84.73881424142047,32.70105455520429,0.4115283965772027,0.6228730929619621,Striatum,Background
87.91863232306288,32.471837580778434,0.37680587384637154,0.5762008352971332,Striatum,Background
18.147088316514086,34.59082958858522,0.1186685255483873,-0.1715280106618655,White matter,Background
20.74386021806033,35.11100980203457,0.2045993330101831,-0.11296734760826424,White matter,Background
23.245997074973523,35.574072395947205,0.21200218405671406,-0.1291865579770055,White matter,Immune hub
24.301473735095577,34.706004122167684,0.15784527630833822,-0.1272949167854012,White matter,Immune hub
27.70057123162245,35.767610587675705,0.17272296664700781,-0.08646492698296279,White matter,Immune hub
29.79373929067723,35.55928627916508,0.21436704065652315,-0.0694693066282234,White matter,Immune hub
29.640817594119657,35.644294864098114,0.21878567808735339,-0.13705635642489777,White matter,Immune hub
34.03180043121185,36.376840288259785,0.23849002805190694,-0.2011175312079632,White matter,Immune hub
35.94109668355336,35.900642136033426,0.2300223665467812,0.014993236310428731,White matter,Immune hub
37.47382827588494,34.356389082584016,0.2909676577433709,-0.011333660563046181,White matter,Immune hub
39.79838110868207,35.54039722904037,0.3751891616192707,0.005944540606546516,Stroma,Immune hub
42.68333693257211,35.010183653304935,0.37275743103832976,0.0037683204665698855,Stroma,Background
45.79374719678831,35.210400002330445,0.39563966477193047,0.11378414849574094,Stroma,Background
47.116930877082915,34.93830699973654,0.3574670182773372,0.18129319098796018,Stroma,Background
47.74516880529594,34.13704761607965,0.3604890325495558,0.24147178942498998,Stroma,Background
50.77513483194908,36.2622882677341,0.4473457653816871,0.33318777018588563,Stroma,Background
53.32833910679209,34.942637328022734,0.48662676240105945,0.38774479047550126,Stroma,Background
53.637060290686996,36.97537963741654,0.47295555819043406,0.3238668858173536,Stroma,Background
57.68873904220943,36.60194877945405,0.5419333058055142,0.6106797088137306,Stroma,Background
59.3458712593779,34.83428537794818,0.5814870935284001,0.6675293517640309,Stroma,Background
61.710891799710204,34.09235334791908,0.5902126563778113,0.6646719056977053,Stroma,Background
63.34705581849375,35.82477722101097,0.5547960986174458,0.7353407900352137,Stroma,Stromal hub
66.70714945566358,35.41400271288607,0.5723563945897734,0.8342681033013968,Stroma,Stromal hub
67.81483198164747,36.96411019418336,0.5657724503054281,0.8456748104333834,Stroma,Stromal hub
69.98017512572873,35.745734970092826,0.5828607269487934,0.9001881159489711,Stroma,Stromal hub
73.08144495865918,35.62747736404943,0.6229115620057695,0.8460770948021842,Stroma,Stromal hub
75.82775507473801,34.81335946520102,0.5755301673219502,0.7930451173456893,Stroma,Stromal hub
76.97649413752734,35.695728592073415,0.549589330366857,0.7875899126534566,Stroma,Stromal hub
79.32765794013872,34.46793036052187,0.5030064975854823,0.7279863061851658,Stroma,Stromal hub
82.36901259932844,34.67855526146896,0.46112074235716216,0.7347778270963164,Stroma,Background
84.33136377494124,35.90254297054041,0.40421698562261965,0.7546794037498061,Stroma,Background
86.25086286310099,34.635853470826696,0.3961816135668194,0.6602307540279483,Stroma,Background
89.20509769456775,36.102135088733085,0.3076598306166986,0.5287848399111005,Stroma,Background
16.565050622463172,37.329586882509574,0.13218235462012012,0.06813855226022741,White matter,Background
19.552318189755134,36.54517435963421,0.2325469553768441,-0.15515202995922117,White matter,Background
20.272546007167364,37.86344945807384,0.1796143789371456,-0.12790014458571397,White matter,Background
20.979151226783173,39.22710520001512,0.21911297889651352,-0.27165971982362164,White matter,Background
24.197941618658493,39.37414979094137,0.2570141631501074,-0.2156327399045255,White matter,Background
27.34020390427127,37.3421081252204,0.2731178499260495,-0.15055725066911957,White matter,Immune hub
30.192088694931737,38.768181995580164,0.2622905927748557,-0.2535714293378354,White matter,Immune hub
31.110825508402648,39.13294630624815,0.29774791388424593,-0.2950279726569615,White matter,Immune hub
32.82742897111469,37.515438043976616,0.27108626628310506,-0.12201274258886508,White matter,Immune hub
35.35965772606085,37.20713872957885,0.2987473395996835,-0.08831766305389933,White matter,Immune hub
36.789698629655874,38.01511578209655,0.34378894015739736,-0.11410848871622015,White matter,Immune hub
39.22550294209607,38.725017962478866,0.36156714370164167,-0.022187595594521464,Stroma,Background
44.00204189120679,37.410698931841516,0.37478936099012056,-0.04784205190965797,Stroma,Background
45.715793019906705,39.59928503595126,0.4374159976534438,0.039813864073483834,Stroma,Background
46.20352509327323,37.59690032374107,0.4546504949692728,-0.005465842371935065,Stroma,Background
47.93390881362173,37.11469099920628,0.4320111895544363,0.15196100865500461,Stroma,Background
51.69215240837962,38.55064397537701,0.5417300729197564,0.23514541215284424,Stroma,Background
53.7816597784434,37.93647381254892,0.4912069547982897,0.2633669997553174,Stroma,Background
55.83580205376408,38.84015576650441,0.48419562943503736,0.4853397321132818,Stroma,Background
56.20060941949516,37.06928464159644,0.5416056940218723,0.5365285544900479,Stroma,Background
59.77170572671614,37.57332243467866,0.6050365568130208,0.5497971706276392,Stroma,Background
61.397259470978916,37.902628756947976,0.621071186763847,0.6497861865769026,Stroma,Background
65.06689832908143,37.67546668729593,0.5794027663899926,0.7704138093506527,Stroma,Stromal hub
64.43533297350636,37.82411708616261,0.6505174751761391,0.7626651483607704,Stroma,Stromal hub
69.23171800418172,37.40848748757074,0.554635049009583,0.8547691176129275,Stroma,Stromal hub
70.34722795844908,38.00108032640981,0.6092534412796773,0.80375380703148,Stroma,Stromal hub
73.71168674420292,38.654830551604945,0.6456414294168412,0.7843027680961973,Stroma,Stromal hub
74.83131318261529,38.29161636386505,0.5306360020997102,0.8568977145459272,Stroma,Stromal hub
78.30511872337469,37.01896723717818,0.5062323486500175,0.8469173946611365,Stroma,Stromal hub
79.36661490660022,37.96602182221101,0.46207512627811353,0.8434850514937947,Stroma,Stromal hub
81.31147049107828,37.90833657529792,0.4232775148220788,0.7961364086408698,Stroma,Stromal hub
83.60132039440114,38.046818045509426,0.3959421631558964,0.6185364725033439,Stroma,Background
87.26975779529239,38.31178916378167,0.4053455005333026,0.6260565547933328,Stroma,Background
87.78077121608268,38.418776689788956,0.3333740394354556,0.4992699032331695,Stroma,Background
14.127287004958637,40.32247741987275,0.1734508420003454,-0.16963978541717528,White matter,Background
15.08117490326317,39.414148694887224,0.14965327340892354,-0.10389354078171917,White matter,Background
17.05111662143428,40.16980461384822,0.23323632559681123,-0.195171097387532,White matter,Background
20.79317248402759,40.39097082322704,0.15377341999961824,-0.12314580169836825,White matter,Background
23.131305857528226,39.88593462553594,0.24024053778197718,-0.16557151782100088,White matter,Background
25.264338927240047,39.57704748385969,0.27706882290111645,-0.22331833949270416,White matter,Background
24.845256150359624,39.2248837662221,0.2656384297954152,-0.18404419736284075,White matter,Background
30.319526347147708,40.58151929253073,0.39122859246891434,-0.16719850970024036,White matter,Immune hub
31.657692008434154,39.68679419106951,0.30823755278875453,-0.21102763190686832,White matter,Immune hub
33.80822153395727,41.90695918606113,0.3784498841995191,-0.20614367630448674,White matter,Background
37.40385836838781,38.99783028739355,0.4096168075445104,-0.19508535349079398,White matter,Immune hub
38.59168145830474,40.22739711178996,0.4348483014405284,-0.15379757708557765,Stroma,Background
40.24656048016564,40.891348798110805,0.44732239682749725,-0.1125657580425253,Stroma,Background
41.52005301271767,39.41513524580365,0.44148841795446625,-0.0452771417104553,Stroma,Background
44.409160593621884,39.95016229796386,0.42229836637998164,0.08807919519205169,Stroma,Background
47.40233776911034,39.38661145673368,0.41678790891943934,0.09877724500856509,Stroma,Background
47.33250351836168,40.014002631650904,0.48449444542506254,0.07661544016632428,Stroma,Background
51.3538636487406,40.0640598647133,0.5061534874244009,0.11617849136806915,Stroma,Background
52.90151045611148,41.6015396551982,0.5215818669294328,0.1810589046665515,Stroma,Background
54.96119132135194,39.590167566575204,0.5093564696421463,0.38511150262360216,Stroma,Background
58.44392031932013,40.76194259913795,0.5437014428257164,0.5806718542137861,Stroma,Background
59.75064994774132,41.78011826250134,0.5743195949442753,0.47192465893246593,Stroma,Background
60.910453621182754,39.97291496019676,0.5807732602852194,0.558146248613789,Stroma,Background
63.57940417329029,39.67089714750983,0.5915173755629193,0.6439626530809536,Stroma,Stromal hub
66.81864581889369,41.909592990514845,0.583853907939601,0.6165341396379838,Stroma,Stromal hub
69.15141101048071,40.098619906090256,0.5635998372213702,0.7545983459568136,Stroma,Stromal hub
69.45936877053973,42.19286761807304,0.5788355942081257,0.701792997386322,Stroma,Stromal hub
72.37213098166087,40.50722397750463,0.5828363724233737,0.8695419452918505,Stroma,Stromal hub
75.46888004098729,40.5772055951696,0.511912454602481,0.7463880146576615,Stroma,Stromal hub
78.45560391715206,41.091031601692016,0.4991323658306371,0.7270481858383552,Stroma,Stromal hub
80.07843672066896,41.07193701000856,0.4147373993205184,0.7276133695935172,Stroma,Stromal hub
81.31076933282148,39.418023776908946,0.3957083614825684,0.6471668961323447,Stroma,Stromal hub
84.56609491808078,39.970566220212,0.37974113490859923,0.5271216590047036,Stroma,Background
85.52364333940258,39.71931844463563,0.3440963813687926,0.5659274737195829,Stroma,Background
88.62035125803526,40.76032152398694,0.30639672455456135,0.5186766132236877,Stroma,Background
90.51246950562144,39.403513655336326,0.2572375474520938,0.5238223151753627,Stroma,Background
15.548037316308648,44.59476226781456,0.15656357120218944,-0.13648394177669537,White matter,Background
16.10860145320981,43.502596334817994,0.15224942278230175,-0.0674649068390973,White matter,Background
18.449456891887852,41.68529219844885,0.24160757789625753,-0.22658841695251483,White matter,Background
20.419203470140545,43.29960546707601,0.2784052547567005,-0.23833478804576072,White matter,Background
21.797817721893317,43.80265195022852,0.2615116557203734,-0.3310067759032947,White matter,Background
25.44018205028502,42.96852352311581,0.3136132790505719,-0.20868156676752359,White matter,Background
27.474126892745083,44.6169205823837,0.36502010279030833,-0.21410075214652852,White matter,Background
29.292607642436497,42.36196798025915,0.33844412732276996,-0.23138830399449223,White matter,Background
30.954022840082047,43.558230679039916,0.41355783796549617,-0.28436318715177483,White matter,Background
33.27737785463955,42.35641460074681,0.3811093293825832,-0.2376022191475185,White matter,Background
35.417812814143225,43.01351927433554,0.4619267661570474,-0.2968017298544624,White matter,Background
36.77361706744875,43.49855850532063,0.4464805732993028,-0.304632325294632,White matter,Background
39.77731062595205,42.58716604717556,0.4037073884558421,-0.19462594865156474,Stroma,Background
43.15538982113344,42.19867682478809,0.44349333454051326,-0.09954551284894973,Stroma,Background
44.935377048007304,43.51752843031687,0.44250839477274395,-0.10520667920036442,Stroma,Background
46.47527642422889,43.57200965118813,0.5948242415294909,-0.11207898827985074,Stroma,Background
49.501570165648516,42.954756678213876,0.5214080824971985,0.10217668053068045,Stroma,Background
50.91918230136587,43.77860841385127,0.48327027420914165,0.08077663865867651,Stroma,Background
52.849133823558866,41.580996084790996,0.4670482381751835,0.2383676544110485,Stroma,Background
55.54424932211731,41.59516157174072,0.5249650358214661,0.38560590640976,Stroma,Background
57.95738494004321,43.72726455901501,0.569374841341671,0.2660581712548624,Stroma,Background
61.28923161605981,42.589100418446606,0.5982333323531416,0.5503368656393368,Stroma,Background
62.1766106637444,42.99834444727911,0.5905307784533608,0.5480933735989358,Stroma,Background
64.32537502544898,43.395320328705154,0.5312743433328105,0.5584147155368115,Stroma,Stromal hub
66.92997003906733,42.21045915920572,0.6384040807402311,0.6245299953454689,Stroma,Stromal hub
67.67917783389092,41.585948991142004,0.5376486498605345,0.7784581982498606,Stroma,Stromal hub
71.88323141485144,43.64818453260461,0.6071798943500124,0.6133080206344804,Stroma,Stromal hub
74.41655632417648,43.28257335986406,0.5000460894125573,0.5884215535608522,Stroma,Stromal hub
75.15831184090702,43.15103277805052,0.4348749644927264,0.6971960361217446,Stroma,Stromal hub
77.05819152262498,42.74628581232338,0.4749169588376998,0.7169352256318137,Stroma,Stromal hub
79.7882221220672,42.55367708924407,0.43758929440654293,0.7207242742198453,Stroma,Stromal hub
82.12471647599656,42.4085139871089,0.40061391856019735,0.6262580059854869,Stroma,Background
83.50828577191193,42.7404507449907,0.33478925061759257,0.5848972368300426,Stroma,Background
85.02944443343617,44.13211434793548,0.33460373884830663,0.5799795393163139,Stroma,Background
88.37626109319021,42.622464578762305,0.31119123917302,0.33923205152434677,Stroma,Background
90.12778071386407,42.87616956152521,0.2519584377802835,0.4301087047968361,Stroma,Background
15.24755801756938,45.434500777659906,0.1903519598632149,-0.2099590054195829,White matter,Background
17.021919668292078,44.690045484968586,0.2682058675963217,-0.26265561084486333,White matter,Background
17.29100172808471,45.568973703181356,0.24426173090641262,-0.2609022009095696,White matter,Background
20.63829144815684,46.210325250456506,0.31959992729876796,-0.21647864292818342,White matter,Background
22.345431684290624,44.68951389678303,0.29008308858929793,-0.16027709069156557,White matter,Background
25.361908206015606,44.61203202258966,0.33661622870428753,-0.31477277754155386,White matter,Background
27.69819820585429,45.35505636860765,0.42972078336389563,-0.32220616508914607,White matter,Background
28.820891021274335,45.58080080764184,0.39032383398466564,-0.33459946967951176,White matter,Background
32.097898508015724,45.68395529935295,0.36630228245140056,-0.2874628349244309,White matter,Background
33.16324262213283,45.759461220401576,0.5000458525483318,-0.16292427249774427,White matter,Background
36.026654446163235,45.74638988925227,0.4903769931036471,-0.48295984345016496,White matter,Background
39.172535674990996,45.03465717662171,0.5075315596963634,-0.168298520337181,Stroma,Background
40.60104310739389,45.42902995084288,0.5133610399382285,-0.22136030214140406,Stroma,Background
42.49363628765877,45.53571798693714,0.5063266352312262,-0.16631838461009035,Stroma,Background
45.62985616879979,45.68995014891464,0.5324487779373809,-0.12965401783820252,Stroma,Background
46.271537047898974,45.82111122426859,0.5715790930120279,-0.2078591976369718,Stroma,Background
49.38970975013558,44.62131104393242,0.5752863460802145,0.07194936840679503,Stroma,Background
50.939346943488765,44.5123131101374,0.518476052225588,0.12370765496926744,Stroma,Background
52.115420006561,45.33207436767736,0.5574328031427167,0.06507054320359304,Stroma,Background
55.41867069999983,45.03076310447709,0.5780710105029513,0.15410914204993928,Stroma,Background
58.00115098291869,45.1977334010328,0.5973348669512206,0.3100824052246302,Stroma,Background
58.354296476183286,45.44448134620129,0.5527504100722523,0.35849734412498135,Stroma,Background
60.59398349097201,44.790162913543675,0.5446863222147164,0.4029688600935938,Stroma,Background
64.15432133500977,46.03986597531758,0.5124176502048194,0.414335913840674,Stroma,Background
66.4664060119262,46.09361110834107,0.5401398885898644,0.42420819726577647,Stroma,Stromal hub
68.5531652649961,43.27328106777012,0.5718282286819985,0.6596791256077219,Stroma,Stromal hub
72.12221056835077,44.96330800297326,0.5692648063910783,0.6311544979733187,Stroma,Stromal hub
75.38433198647418,47.09131498702837,0.4851612097747322,0.596914802755194,Stroma,Stromal hub
75.03905564933949,44.28219414327375,0.47384197998376665,0.6500304053415958,Stroma,Stromal hub
77.65173613004498,46.47008393397858,0.3793080262532797,0.5620309390518398,Stroma,Stromal hub
79.1700974233605,44.07621358478838,0.4347649600929822,0.6561280234527427,Stroma,Stromal hub
82.67449026488906,44.874113267365324,0.3840252205944358,0.39007650366025637,Stroma,Background
82.51015175652937,44.95898988620593,0.40014027996206586,0.5464032341030975,Stroma,Background
87.0820610198563,46.0356913422246,0.2694653838302489,0.34677329752306085,Stroma,Background
87.03645014604635,45.420874226613385,0.3209972780029114,0.3576507061117064,Stroma,Background
90.86997956697537,44.513023106465674,0.20756540522829475,0.37447933194271754,Stroma,Background
12.882809583744017,47.35026976758139,0.24905056201759235,-0.17264529465060127,White matter,Background
15.699220078147526,47.00821469221724,0.30149720323484364,-0.22651598014826108,White matter,Background
16.968367419417955,46.80296904206976,0.287500847859565,-0.17572542413583658,White matter,Background
21.45183275197314,48.30019280027223,0.34204548200789076,-0.3847118423727272,White matter,Background
22.36687676047537,48.90693495742447,0.3689221986619463,-0.344859022226661,White matter,Background
25.53689416347623,47.909770951737514,0.49278339298597107,-0.38989956143464805,White matter,Background
27.682556678656894,47.09391858446975,0.4219760498325387,-0.27442416741537634,White matter,Background
28.866205177418383,48.18607930417362,0.4407106429585774,-0.45501704601792414,White matter,Background
31.793088087605867,48.60811669517715,0.5078139591486658,-0.43222922226078014,White matter,Background
34.351927737768875,47.960069511016435,0.5007787044136126,-0.37007539588759264,White matter,Background
36.75364527497972,48.73812875480444,0.5180463222450878,-0.26143499984383045,White matter,Background
35.769174092645656,49.1034148153433,0.5934693494837683,-0.3668083891799531,White matter,Background
41.270069320858475,47.04032604338101,0.524835288701777,-0.2482523701883381,Stroma,Background
43.36958575854878,48.40288966798709,0.5452692422811748,-0.26400458321529946,Stroma,Background
44.70752845063355,48.749106011340864,0.555010259645207,-0.18347549360606483,Stroma,Background
46.604892869131035,48.82794762084033,0.59569783606393,-0.15394032458824136,Stroma,Background
49.02396642783927,48.06081596460238,0.607803090382875,-0.11940436679042142,Stroma,Background
51.74996282779059,48.39672341817398,0.6290804319506227,-0.011989069635182887,Stroma,Peri-tumoral
51.835847902173256,48.92078796275897,0.5630126454970356,0.013882735890002038,Stroma,Peri-tumoral
56.84767227025844,47.323914327216066,0.5470028886584549,0.148770256610781,Stroma,Peri-tumoral
56.768948326997645,48.187735490033546,0.5709149708441941,0.11475068533599042,Stroma,Peri-tumoral
61.653560522320234,48.191146371423386,0.5598845597034591,0.3663784808729633,Stroma,Peri-tumoral
62.41721942799163,47.94338134050953,0.5326033440880119,0.4003894508991246,Stroma,Peri-tumoral
65.12428249128061,46.78634307571192,0.5261111187986336,0.32511612337815493,Stroma,Background
66.72370396205123,47.29863018800682,0.5622749097175881,0.4728209316216098,Stroma,Background
68.32506780082262,47.40447040316926,0.4939507097316763,0.4581421633861191,Stroma,Stromal hub
69.85456930621451,47.468998110716214,0.48925608141464433,0.41589007829319413,Stroma,Stromal hub
72.56186581500388,48.03631551578209,0.4316447731551055,0.5460831655185454,Stroma,Stromal hub
75.95802629247635,46.78827864614812,0.4349412884120399,0.41962946382549227,Stroma,Stromal hub
77.15286742222291,46.514685797304324,0.44021568699851815,0.5686257725297718,Stroma,Stromal hub
79.60888042011345,46.80303443449266,0.42929090240944745,0.5381716302776276,Stroma,Background
81.74209674948656,47.41571211462378,0.36595471126889606,0.2775279046132161,Stroma,Background
83.4103988460415,47.1680462079229,0.3211440979800076,0.4318729065821914,Stroma,Background
85.8432871146898,48.32971632619537,0.29046473103431525,0.39260471300109046,Stroma,Background
89.52814830298502,48.238154474369715,0.2511533002335522,0.3065029225423588,Stroma,Background
91.72150086857147,46.89792197469397,0.23973311475247466,0.3976229657888871,Stroma,Background
11.86803497466762,50.56906166990467,0.21049441932999252,-0.27994861375550534,White matter,Background
15.066222850491137,49.74731401927903,0.3046068356444056,-0.2539685202395146,White matter,Background
16.28438672026725,49.28937804075177,0.28372366606581934,-0.35873411260405985,White matter,Background
17.937245942702994,49.51736428205537,0.35887865652118744,-0.33580927526837806,White matter,Background
18.953328847506583,51.346630940943285,0.4062070890348445,-0.2794900645912208,White matter,Background
22.553353579171628,49.9909605954709,0.4152711259717916,-0.4077477592156898,White matter,Background
23.976111757240954,49.87064511431511,0.5151353797419269,-0.2850907175373738,White matter,Background
27.25539300087703,50.22116648363689,0.460192421461672,-0.47513648933619307,White matter,Background
29.307884858241547,50.831498556300225,0.56120511952379,-0.4536756329723712,White matter,Background
29.687217518301395,50.62252595148412,0.5384790977487792,-0.45707087466106294,White matter,Background
32.49997630490379,50.70961324503113,0.5819294565207906,-0.44087463852948106,White matter,Background
34.99960535678501,49.463447116472175,0.5886813618236063,-0.3626353826829522,White matter,Background
38.11565386262477,49.90522345645017,0.6016786010219087,-0.4579370387949851,Stroma,Background
40.74018751720153,51.252110028507246,0.6254875607303192,-0.4367792126063654,Stroma,Background
41.35243406210121,49.38481225501255,0.5707960667776882,-0.3511174414929023,Stroma,Background
44.07156087524813,49.928948188130065,0.5218504740125515,-0.29904154874797007,Stroma,Background
47.048816212205566,49.96195331152174,0.6674532075731827,-0.12145651552691394,Stroma,Background
47.67307541034329,51.002663311693055,0.6138715029813953,-0.31240562452074383,Stroma,Background
50.38306712051621,51.94203688331696,0.5858098218968213,-0.17781924210631944,Stroma,Peri-tumoral
52.70652923772576,51.41665963854622,0.5980470414188005,-0.08828415562288487,Stroma,Peri-tumoral
54.90424309642795,49.67547021481904,0.5879621760626659,0.1007943573106517,Stroma,Peri-tumoral
58.71055088096245,50.613028011122545,0.5450855183761173,0.10482001391234927,Stroma,Peri-tumoral
60.02530790376365,50.56657612564657,0.5602051529927585,0.19555726747055863,Stroma,Peri-tumoral
60.8495793962777,49.52496901519199,0.5834340039375094,0.23210799497562115,Stroma,Peri-tumoral
65.29969043987158,50.04147751278618,0.47957009239857273,0.305873147488984,Stroma,Peri-tumoral
66.28203594227529,50.23779071204502,0.5224205642375083,0.36948390809809506,Stroma,Peri-tumoral
68.52149167428178,50.94102332054638,0.51258895797259,0.4354412800006041,Stroma,Background
71.93145566713517,51.57948253346758,0.45146906157109395,0.3950209558186054,Stroma,Background
73.06627571141847,49.639717835031945,0.38062267099032776,0.42024882101413175,Stroma,Background
74.62697387154549,50.13527360107268,0.4164163766120182,0.4254666503833485,Stroma,Background
76.80537859009608,50.3540186711932,0.4200523079996315,0.4240458775050034,Stroma,Background
79.55453534965022,49.86406316335974,0.35903996366801205,0.45317272489159344,Stroma,Background
82.46384844708406,48.78948177778464,0.3104549042844063,0.3273060219075589,Stroma,Background
84.63873074546304,48.842151203692325,0.3745185660507485,0.3667191374122245,Stroma,Background
85.9957377705701,50.38359356561309,0.2846107462979848,0.301608619989871,Stroma,Background
87.49810368629193,49.418322506867796,0.26802813635197725,0.3861875336011385,Stroma,Background
91.22032790573066,50.98975400153122,0.2064210983173466,0.13467233823277852,Stroma,Background
91.61637070047897,51.10484531208744,0.20716829966909175,0.17957220943540397,Stroma,Background
13.198620866315498,52.34254325212079,0.31055810795788313,-0.32037937618313234,White matter,Background
15.59977974331135,54.63887387045444,0.36466255103585493,-0.24289212095340387,White matter,Background
18.628207407095964,52.86220441655275,0.3832176030660055,-0.3995145897522764,White matter,Background
19.84822995858056,52.04047304498169,0.37964327686540544,-0.35814102827391553,White matter,Background
22.059085497701805,52.810816429572725,0.4415910402471879,-0.3779789958831882,White matter,Background
25.844726658486387,51.57430617464824,0.5169841752800023,-0.4478388170691995,White matter,Background
27.987234316000976,52.51091712678202,0.5496100475170432,-0.5412608426337505,White matter,Background
29.925029476605225,52.47643514494176,0.6269339505198148,-0.4415029117966539,White matter,Background
31.265590167471416,52.224327755282594,0.5763062864032605,-0.5697424650103154,White matter,Background
33.52657090426606,54.08385477456592,0.6769496672655885,-0.4859478090353224,White matter,Background
36.00553568075414,52.59809826881034,0.6215553869343325,-0.4974550513597964,White matter,Background
37.95191669414043,52.60502246844133,0.6347511648118411,-0.43752325993748464,White matter,Background
40.18893527943095,52.85345784916217,0.6312165361224426,-0.5911484001461733,Stroma,Background
43.125157597924265,51.423731780593286,0.6071279917077637,-0.3219629796644917,Stroma,Background
46.07172802300059,51.53806115738254,0.6564780139724578,-0.18561107996153473,Stroma,Background
46.96684886891957,52.783522142274734,0.7150914987653473,-0.30252142354427614,Stroma,Background
48.738189334748476,53.23554714611587,0.5883327470935819,-0.35620829121731107,Stroma,Peri-tumoral
51.370988969160905,53.893348421879246,0.6828409113378104,-0.2145541810113341,Stroma,Peri-tumoral
53.18724319324679,53.12757321813634,0.5645186642011996,-0.09836078788497905,Stroma,Peri-tumoral
54.95401222260621,52.4029470748946,0.5704968684572085,-0.06407485662458229,Stroma,Peri-tumoral
57.896254855075775,52.727895470892705,0.6175351732235967,-0.00574285175061541,Stroma,Peri-tumoral
59.60353426157559,51.59751191363438,0.5396232640818334,0.1410604969192025,Stroma,Peri-tumoral
63.00978124355877,52.50020037685325,0.5159587386735259,0.17787772972952687,Stroma,Peri-tumoral
64.56618640676801,51.9051764413044,0.5103317058357024,0.2844614226104272,Stroma,Peri-tumoral
66.6821063080834,52.7213710475974,0.4622042180885182,0.2384151797689685,Stroma,Peri-tumoral
68.25305161032098,52.74004388660685,0.4833504442676866,0.2791640288570928,Stroma,Peri-tumoral
71.67316173958396,52.284594425401956,0.4054294486588956,0.3591045214522834,Stroma,Background
74.03537123607119,53.41483441306518,0.3909065243902019,0.3545961105359603,Stroma,Background
75.66120146337556,53.199524945892655,0.3363147160503362,0.372524738022131,Stroma,Background
77.02455484327865,54.4441945454368,0.29508964346184097,0.26068282636412027,Stroma,Background
79.76506816503323,51.73823527054589,0.273106456509547,0.3431318284129782,Stroma,Background
79.63269073399816,52.087663057861036,0.35689716089896106,0.323247743400787,Stroma,Background
84.28774938621257,53.963393808838106,0.3227997152805521,0.34093682987800317,Stroma,Background
86.85255561275581,53.3980114833372,0.23627051717032893,0.21122791557540085,Stroma,Background
87.39382698656742,51.56059179435103,0.26450353533403687,0.26636513839972087,Stroma,Background
90.89752401469742,51.9579861709767,0.16232930790071462,0.16678362472732655,Stroma,Background
91.89141648808135,51.813483042722645,0.1640475569524602,0.18042480811781947,Stroma,Background
13.799085278137799,55.706146821090066,0.35998157780443346,-0.3604335530795379,White matter,Background
17.879434862572225,54.53011135183083,0.41863303685318565,-0.4258017622227741,White matter,Background
18.181610670659502,55.61039627499175,0.44062669021837775,-0.4120823974329288,White matter,Background
20.64639129348981,56.52034167417265,0.4967586072064228,-0.45088898628409474,White matter,Background
20.717207782407456,54.79263645625221,0.46934952393278795,-0.41729825311789664,White matter,Background
25.705329047877367,56.620648515823774,0.58476054755614,-0.5656691836650424,White matter,Background
27.090135959730127,54.6621554351637,0.5593956064460694,-0.5223509117039702,White matter,Background
28.65377645641591,54.35184985799661,0.5785205006583578,-0.5715309009368267,White matter,Background
31.117855002953803,54.56542163617123,0.7126711586073082,-0.5845872765825844,White matter,Background
33.947182198592905,54.08734000168934,0.5484244091315662,-0.5858662219859778,White matter,Background
35.99629631066719,55.29284709308109,0.7353650354319615,-0.562360016926149,White matter,Background
37.189008160704184,54.65948873592826,0.6385827569316264,-0.5588221242068122,White matter,Background
40.26111651031081,54.658545860631016,0.681923318930118,-0.4041416000729056,Stroma,Background
42.24948399045803,55.101208802206514,0.6674278924450663,-0.5650163694029833,Stroma,Background
44.08952208576587,55.23616326814047,0.6603367254463739,-0.4437935218488483,Stroma,Background
48.21398858478441,55.09221145672922,0.6051263472480465,-0.39169861860984445,Stroma,Peri-tumoral
49.28157388803376,53.83610287268113,0.6161319435467962,-0.3638217469426722,Stroma,Peri-tumoral
50.07139459481282,54.935306993100305,0.6298079357551865,-0.3126964716548871,Stroma,Peri-tumoral
53.378931004470985,54.906592921424426,0.5847796214505133,-0.16243408782808733,Stroma,Peri-tumoral
55.50713118534768,54.59722024648987,0.5631231620829572,-0.14358687039347368,Stroma,Peri-tumoral
58.02894683812386,53.97796538258889,0.5551949398145599,0.07690414573998774,Stroma,Peri-tumoral
59.39638861488892,55.95429840436884,0.5769349976880959,0.0063696562361423,Stroma,Peri-tumoral
60.75220465048253,54.63244660244065,0.5554469774245898,0.08695409127649731,Stroma,Peri-tumoral
63.511778726098605,55.25305593685614,0.4579017282515295,0.06264379604960918,Stroma,Peri-tumoral
67.94312861887752,55.50041248478273,0.40631306281139373,0.19257239330331222,Stroma,Peri-tumoral
70.64825188993827,54.42638640550922,0.4609662025596417,0.28202699813171256,Stroma,Background
70.69115437321305,54.07829236402154,0.43254890008073815,0.2994385989839673,Stroma,Background
71.17901798199378,54.92823193784333,0.3372624632956491,0.34237219519848205,Stroma,Background
74.54344954234152,54.91457916537493,0.356177162510295,0.27110480399583203,Stroma,Background
77.71631911731832,55.074267638504395,0.3459686769883703,0.2929701039501934,Stroma,Background
80.55010230230666,55.05405801025319,0.29200416499774745,0.24562192193168117,Stroma,Background
82.36801140911598,55.50785044545619,0.22904003556358565,0.2714151951409387,Stroma,Background
84.86787074405521,54.72868905071501,0.2078681795467685,0.22634660871885906,Stroma,Background
86.73135154297862,54.27643398335109,0.20186945777538512,0.22417609846605607,Stroma,Background
88.48022998667025,54.96773935720923,0.20369632685359654,0.3144693086661833,Stroma,Background
90.4395662263164,55.14387492936397,0.1489505424623349,0.25293106717121827,Stroma,Background
92.12507221085843,55.21756171980894,0.21672391271773916,0.08755204179934462,Stroma,Background
14.71119736685086,58.252589456434166,0.4132828542870151,-0.4217629163507928,White matter,Background
14.822787580446807,57.82409463648718,0.39830591442096436,-0.3190623946574771,White matter,Background
19.28790631584268,57.00090998309487,0.5219097804845106,-0.5117076371024392,White matter,Background
19.74117520485893,57.437746477731814,0.44123583185711895,-0.4866081804025565,White matter,Background
22.85570605034846,57.74621874018093,0.5926500859941387,-0.4867105874932625,White matter,Background
24.57766503612406,57.31622313474121,0.5759867814884202,-0.6288977973027737,White matter,Background
26.928675429588573,57.12717385978471,0.6241464703884595,-0.5525236536097373,White matter,Background
28.393569189471037,56.99322977324914,0.6368567424349043,-0.6210853760265546,White matter,Background
31.500719040889642,57.05598569020549,0.6768325825774533,-0.6264673419465075,White matter,Background
33.2233166993276,57.41244442473382,0.710590999836704,-0.6769010678305951,White matter,Background
36.15928117768418,57.64316182454451,0.6741347038824002,-0.6205940812277206,White matter,Background
37.92250588344731,58.14069137051375,0.8027606607306873,-0.58763398872583,White matter,Background
39.8790536179364,57.80508836437478,0.7525381110286986,-0.6209897878098835,Stroma,Background
41.11250373930374,57.414800143601056,0.7385466442707233,-0.5586750514161639,Stroma,Background
44.50973990834576,59.731915981610825,0.8126587452935075,-0.5821442760506857,Stroma,Background
44.95052852454399,58.595236862095625,0.6784854706711131,-0.455234499130237,Stroma,Background
48.92023190983919,57.52297650619834,0.6138206309991703,-0.4402493080471317,Stroma,Peri-tumoral
51.037166206928795,56.78872097733447,0.6755987317587174,-0.30950172664076675,Stroma,Peri-tumoral
53.95862143063924,56.5659305096574,0.5553524543590163,-0.2699414960135843,Stroma,Peri-tumoral
54.19407290555928,58.54991296452373,0.621129337298647,-0.30835856883652707,Stroma,Peri-tumoral
58.326769393809094,58.69690442649368,0.5339590982628521,-0.10166739481851933,Stroma,Peri-tumoral
59.735735526985906,58.92785198720828,0.5293232220516626,-0.02151457428143988,Stroma,Peri-tumoral
62.48870599982571,57.605576250841175,0.4536113064862862,0.037852742748262246,Stroma,Peri-tumoral
64.00218419576606,58.461183522087694,0.46218292812814793,0.0640185742787294,Stroma,Peri-tumoral
66.51195822047849,57.37976461332228,0.46957167754521983,0.05467989586502643,Stroma,Peri-tumoral
69.72841257447051,58.82558450726789,0.4342169528341746,0.15253016317655432,Stroma,Background
70.66733572363488,58.407926154526955,0.31220384321246475,0.17519032662841585,Stroma,Background
73.46581928951471,56.226740549286234,0.29277759693818695,0.18912123481091583,Stroma,Background
75.00788306986875,57.99136119284309,0.3728793106660674,0.19771413553383066,Stroma,Background
77.52186398942115,58.66124666284529,0.24578789470458767,0.1857952310746012,Stroma,Background
80.48624023541193,56.71478754907837,0.26498261262467404,0.2582608395058519,Stroma,Background
81.63455001547763,56.81452852933705,0.24161273643392558,0.11108144003802034,Stroma,Background
83.98081013041455,57.89232084534186,0.15020847206605156,0.11515022254975286,Stroma,Background
87.09813103624016,56.566213402573055,0.1467507241424776,0.14532143716642568,Stroma,Background
88.75706117363717,58.93249852923775,0.15159816357520378,0.13324153496609392,Stroma,Background
90.25232091799381,58.64044709961404,0.11194867594359964,0.13558797911229714,Stroma,Background
16.722637939959366,60.12566117484189,0.48115057060907435,-0.4691167113726335,White matter,Background
18.443237210729226,60.76072993161241,0.4536063738706117,-0.5294104104140859,White matter,Background
19.8569853903679,61.36137531237915,0.5211586364236843,-0.4804615650693396,White matter,Background
21.940156940822902,59.23090186888518,0.5669956068641971,-0.5258146142267737,White matter,Background
23.994739302936875,60.083998024911324,0.6161900255650118,-0.7016482802818009,White matter,Background
26.699388635345613,60.97161927963413,0.6609002167520959,-0.6502732461881601,White matter,Background
29.03797889034852,60.50472075982793,0.6868482911058162,-0.6488423777802368,White matter,Background
31.97064854003345,60.74380892236447,0.7555735117812153,-0.551875527236641,White matter,Background
35.28205165864845,59.129194563065916,0.6772262337104838,-0.6386813047018909,White matter,Background
35.86000301624335,60.688782505677274,0.7923045640970822,-0.6412008695964817,White matter,Background
38.39856340020205,59.914626117482904,0.7736291290815376,-0.6800628210338433,Stroma,Background
39.138283828902075,60.35880462885527,0.7484945406236773,-0.6487715852432365,Stroma,Background
42.211414038458074,60.31838512242693,0.8305512318408657,-0.6044186768615815,Stroma,Background
45.03298711427666,60.07769879062674,0.8202325504395709,-0.5109945906571298,Stroma,Background
47.049925581097305,61.37761963556139,0.687883630473008,-0.4763432820768708,Stroma,Peri-tumoral
47.860370687037516,59.18260989811229,0.598849362244731,-0.4606118000567972,Stroma,Peri-tumoral
51.963376015860185,59.701652364597706,0.6331058662704075,-0.30092468928943583,Stroma,Peri-tumoral
53.60084769966976,59.59559629824137,0.6488713528992744,-0.31273096690546387,Stroma,Peri-tumoral
54.40583255062724,58.92545153560799,0.6293866940473898,-0.21968689284103296,Stroma,Peri-tumoral
58.224709901638015,60.39382042296275,0.5618070019341217,-0.15456840768435576,Stroma,Peri-tumoral
59.09888928403369,60.08123204913713,0.5661387484590127,-0.1802628665507483,Stroma,Peri-tumoral
61.00371556454823,60.9645893638244,0.47990635823263067,-0.06107461298303568,Stroma,Peri-tumoral
63.35427344063445,59.25691977685837,0.4928333647191676,0.04729825096162383,Stroma,Peri-tumoral
66.27645288667951,60.575491951669285,0.374541624338579,0.003416305349062905,Stroma,Peri-tumoral
69.69862715331524,59.107309234363605,0.37547520576980575,0.1342975434828917,Stroma,Background
71.28728345855073,57.92431610038669,0.37057769168548704,0.16044812999359287,Stroma,Background
72.63005672110248,59.947210579064155,0.3074531209014239,0.01584013745534861,Stroma,Background
76.28194535689066,61.38494730487116,0.25261715675916746,0.10484762809987638,Stroma,Background
77.66651939508678,59.707861818088645,0.23825958003824135,0.10330202001329895,Stroma,Background
80.30434105495041,59.81056591590383,0.1733635020809637,0.1464455683348609,Stroma,Background
80.6780986059966,60.24689822289598,0.21728297275774835,0.1163557639012249,Stroma,Background
84.40185314969882,60.54536933376984,0.15661280681762904,0.020223226118976215,Stroma,Background
86.00074586439162,59.17157390897773,0.1381682433976639,0.12398732585840479,Stroma,Background
87.37747941361006,59.9988622929285,0.17360914932037402,0.044905848589999034,Stroma,Background
91.14413947330115,59.9138367496823,0.12596916228693772,0.07837925819639152,Stroma,Background
15.977449847167955,61.994026502622724,0.43853510863572276,-0.4380560281963717,White matter,Background
18.351439135900932,62.82829356464066,0.48882840519797666,-0.5139898341093955,White matter,Background
19.851691808618153,62.92553530643378,0.5549297089426355,-0.48357262729790634,White matter,Background
22.767104825166513,62.02073280887633,0.5654051899983692,-0.6097092836275003,White matter,Background
24.692928618564167,62.20748941109826,0.7320461922999916,-0.6134707908774452,White matter,Background
26.507977672621003,61.69754325104096,0.6719043250078324,-0.604277378830683,White matter,Background
28.946494680593236,63.35986267507731,0.8033294621075012,-0.6524686983805259,Cortex,Background
31.508929772379936,61.888516103777086,0.6883704098082972,-0.617288684640217,White matter,Background
33.83249182651172,62.656986550726664,0.8084516422832798,-0.6910500597583028,White matter,Background
35.695771646191396,62.76362751082528,0.7576739489881444,-0.8210605453987387,White matter,Background
37.159183417006105,64.07219810639877,0.825994051314229,-0.7379102589570992,Cortex,Background
40.50225408452834,63.253664240670396,0.7496976575192568,-0.7685821088905287,Cortex,Background
41.93060358665222,62.41887627734853,0.7958560851009069,-0.5951570625707279,Stroma,Background
42.75745334027316,63.57069712842731,0.7213487373015807,-0.6096011456941406,Cortex,Background
45.69037347155441,61.78657825959366,0.7276929447409543,-0.6174661735563205,Stroma,Background
49.12539557164084,62.125109118882605,0.6507289339608947,-0.4832189229040764,Stroma,Peri-tumoral
50.66154975432426,63.02816947417746,0.6770020237573362,-0.3624926012434643,Cortex,Peri-tumoral
53.58266936044693,62.80107634175365,0.5767305205253888,-0.29665565375793057,Stroma,Peri-tumoral
55.81853877162075,62.47396030991014,0.5652398684691871,-0.27088725515133816,Stroma,Peri-tumoral
58.99618949000268,61.69483005377237,0.5006351908419616,-0.24336750851929714,Stroma,Peri-tumoral
60.42385698859463,62.540911139753774,0.4491094168541542,-0.08471718091260202,Stroma,Peri-tumoral
59.31420059571869,63.50116674187468,0.49293606199901063,-0.1515899614224755,Cortex,Peri-tumoral
63.607624512660585,61.695592413738595,0.4308452465370174,-0.0797493122327736,Stroma,Peri-tumoral
64.68766445262041,64.12584376801045,0.35568882549743785,-0.1395811600537568,Cortex,Peri-tumoral
68.49865118553822,63.10285851297009,0.29148390319191647,-0.0350248425492763,Cortex,Background
70.65821063684054,61.661854774173236,0.3047704755053706,0.2450473705429064,Stroma,Background
73.62034704213713,62.31411338684845,0.27933528957395287,0.12000296291117162,Stroma,Background
75.67179883054807,61.97250294830782,0.23388183172982926,0.034054229945190334,Stroma,Background
78.1422220616765,62.219874448338075,0.19388583195132672,0.07238901323155635,Stroma,Background
79.20375270438906,63.56212045653637,0.20544088486102988,0.04736940271352853,Cortex,Background
81.21788378508887,63.111149764741455,0.16666161379784297,0.17572328369744034,Cortex,Background
84.18430242014385,61.72330032545114,0.15387036349787347,0.1231650379508256,Stroma,Background
85.86743254494209,63.35475467904556,0.14025051029555075,0.040954891896012126,Cortex,Background
87.92057781706953,61.75603099271053,0.08107322641624054,0.08849883089713843,Stroma,Background
16.45115624080692,65.31176474632534,0.4486593047628457,-0.5208823166932428,Cortex,Background
18.73539894936934,64.95413416606225,0.5258572987787149,-0.3997613598427044,Cortex,Background
20.687995175306753,65.02162385657628,0.5560890100095434,-0.5345777998690275,Cortex,Background
22.06193091728411,64.99827543465292,0.6483264217453494,-0.5857449126591384,Cortex,Background
26.639697840005294,63.69249903346973,0.6747496523740462,-0.6767170175060071,Cortex,Background
27.186124124944026,64.83220248704514,0.7076346000684077,-0.7102924563838368,Cortex,Background
29.59495881077807,63.402886338909475,0.7899413161906882,-0.7891035262775525,Cortex,Background
30.81022316031227,66.50484468584769,0.7616549183886412,-0.7645960917165251,Cortex,Background
35.013458068336945,64.88171967359843,0.7538470795012258,-0.6478204683908169,Cortex,Background
35.337535973217136,65.21520897685066,0.7726891582892168,-0.7584596792099202,Cortex,Background
37.12013574643977,65.57541792069057,0.8364498323917047,-0.6518096897420624,Cortex,Background
39.23289963613272,63.719342440691726,0.7384727745961237,-0.718194667620825,Cortex,Background
42.100535535201445,65.07504663329975,0.7970383088267328,-0.6513346697435212,Cortex,Background
43.36485366462364,64.49638155802224,0.7552468244756607,-0.7079018617522169,Cortex,Background
46.45042895739339,66.25750740223694,0.757440395009352,-0.6270443171687674,Cortex,Background
48.85159203835406,64.88973490412478,0.6992845322705186,-0.47667802859137387,Cortex,Peri-tumoral
51.790697379464554,65.73209302977247,0.6630637439632194,-0.34306544852434673,Cortex,Peri-tumoral
54.061792796633014,65.22978510411318,0.6168612985490982,-0.3076796020077734,Cortex,Peri-tumoral
56.20175584722765,65.85453419275542,0.5612394008416394,-0.36656930655863046,Cortex,Peri-tumoral
58.43779115102023,65.53673708821384,0.5017558266514844,-0.27316737591091333,Cortex,Peri-tumoral
61.560494298131474,65.34700637261992,0.47904983938365386,-0.17905808313041233,Cortex,Peri-tumoral
62.24093921330021,64.84789965149712,0.46319299055488106,-0.03292095130635782,Cortex,Peri-tumoral
65.21910454323785,65.62026166264637,0.34467274393013714,0.003129969182996309,Cortex,Peri-tumoral
67.06901290299626,64.9475271216139,0.3166581572010067,-0.11232307947426586,Cortex,Peri-tumoral
68.99292001525262,65.91581070375796,0.27258929231382784,0.010113182961150022,Cortex,Background
69.59925682299694,65.37426023102715,0.26790775286587243,-0.07458959758228341,Cortex,Background
72.98976273353291,65.7152311434293,0.22077214414820184,0.13244816260995051,Cortex,Background
76.43425348739669,64.9198854094034,0.1837158890853071,0.13549965559069704,Cortex,Background
76.68607031220235,65.59042174541496,0.2277203022442766,-0.017808202078911088,Cortex,Background
79.16368520071047,64.16427340397593,0.1376031955343699,0.16475740550558127,Cortex,Background
81.78417606732972,63.756389679645515,0.1950619510896205,0.018922467038405846,Cortex,Background
84.36127418002027,65.62519848662889,0.16369241920148836,0.10945101865866325,Cortex,Background
86.35592924291792,66.17064478685916,0.1376186656769934,0.05594326226193831,Cortex,Background
88.29636156892921,66.12620295651139,0.08371090656038892,0.014958303499845185,Cortex,Background
18.516313421553573,66.16763150982261,0.47311561137880187,-0.540310198961099,Cortex,Background
19.561154301797917,67.70353774687152,0.5906675186282336,-0.5343244320252152,Cortex,Background
23.91483386791492,67.375257578007,0.7100268001921967,-0.5373185805746615,Cortex,Background
24.130579310607647,67.02972057348794,0.6305646593483919,-0.6353490185690086,Cortex,Background
26.92177517028479,67.59595124190314,0.6958364190962666,-0.6898764632845704,Cortex,Background
29.679904954126812,66.41653368956204,0.7429305422287962,-0.774220633698146,Cortex,Background
30.675458209707582,67.49626385968527,0.7657134251744305,-0.6541847519971709,Cortex,Background
33.956122225242424,66.73622770559112,0.8076208563678537,-0.7159867150953143,Cortex,Background
36.067813304673024,67.6440733624452,0.7338616142413881,-0.7016038355988559,Cortex,Background
37.28273353896024,67.31385398034453,0.8397060994831977,-0.7525395858214382,Cortex,Background
39.129946980075886,66.44164264641874,0.8092953819749179,-0.7104463970491101,Cortex,Background
43.370158565102734,67.2730532471523,0.698990772108439,-0.6388753177903824,Cortex,Background
44.50235919233898,67.78726317687709,0.7926503160285652,-0.650934865001855,Cortex,Background
48.149951400519,67.14063125663755,0.6813268501918436,-0.5038113484948038,Cortex,Background
49.46292852057535,67.93890612985155,0.6406597604431052,-0.495693447015073,Cortex,Background
51.375372028313855,66.68653540385509,0.6365086850479779,-0.4361234424529074,Cortex,Peri-tumoral
53.31616109377243,67.42160268530988,0.5941261398510739,-0.2671647577575034,Cortex,Peri-tumoral
54.87877537163671,68.39434697479771,0.5920984561531603,-0.36506314216027813,Cortex,Peri-tumoral
57.872058764871454,67.56085084078805,0.4898665328622275,-0.22790757947529205,Cortex,Peri-tumoral
59.42499330885674,67.87301432933991,0.46507524340543027,-0.1268954827525524,Cortex,Peri-tumoral
63.158032515616085,68.75057759676466,0.39351196217723194,-0.15065816297143833,Cortex,Background
65.16111857878491,67.47791103542662,0.37809489606355645,-0.12621192693548366,Cortex,Background
65.28026064559947,66.39142109068027,0.31507403537222073,0.006921016218603873,Cortex,Peri-tumoral
67.95947942404308,67.21507843319881,0.33503172011667093,0.03521104129614426,Cortex,Background
70.14590626080845,66.86332923683165,0.20550005107270236,-0.0211993610351126,Cortex,Background
73.64055835064882,67.27494962365857,0.21037779551429517,-0.00443370203298761,Cortex,Background
75.60269912051875,67.06632125448165,0.15948698446079437,-0.011566450823567422,Cortex,Background
77.82788875497113,67.1045153816827,0.16823018518296784,0.09620389716048772,Cortex,Background
79.44473121963964,67.29528276774627,0.1711031425273152,0.04847293990505705,Cortex,Background
82.38287917503659,68.62631755696754,0.1286498523899743,0.003355068647545277,Cortex,Background
82.84400204362971,67.55982648546855,0.09643975440919135,0.036417899244496815,Cortex,Background
86.78177540850888,66.7134027058984,-0.01805878420517036,-0.04175745876189091,Cortex,Background
20.1930034541407,70.23593191684172,0.527768171209225,-0.5464951107628416,Cortex,Background
22.972634004019802,68.5744759807343,0.5953470766534734,-0.5820749110431233,Cortex,Background
25.00613947890558,69.54501395184226,0.6532138864429546,-0.6833389930090644,Cortex,Background
25.227883464643256,69.62470616531868,0.6678044864406572,-0.6666121297258021,Cortex,Background
29.973565179239806,70.36180420769145,0.7642004439472955,-0.7513784409748239,Cortex,Background
31.588299504735588,70.50057099481982,0.7705647142169231,-0.7804893013197772,Cortex,Background
33.40160030471548,69.39574641670853,0.78457629134711,-0.6322894160243187,Cortex,Background
35.50127470542323,68.27551240865242,0.8204901679080242,-0.719804233176529,Cortex,Background
38.226679916630346,70.12209207380506,0.8875932850622384,-0.764065750685161,Cortex,Background
39.27066687015273,69.65332111281775,0.8154286696795716,-0.7603795553601347,Cortex,Background
42.027710762353976,70.68502695997468,0.7750422547806138,-0.5053412882695106,Cortex,Background
44.33320519242883,69.29936763786773,0.8017429025283739,-0.5731703878642641,Cortex,Background
48.115489339505295,70.69308540442736,0.6420392463198087,-0.4360812927458142,Cortex,Background
48.12649093414387,69.01418222553484,0.6904192521412944,-0.5220841678758087,Cortex,Background
49.768608523528194,69.27200456590974,0.6629327598919228,-0.4319872063268114,Cortex,Background
52.63406580162512,69.7418196007618,0.6238909959384374,-0.5536092475178295,Cortex,Background
54.97543858209829,69.85930829627263,0.5133145644496705,-0.2699639811151559,Cortex,Background
57.2658358663559,70.5730589210614,0.4761113237722726,-0.2489615017058448,Cortex,Background
59.68925780256491,69.99956138874732,0.44764515858088544,-0.257036632176281,Cortex,Background
62.47482183240582,68.50919895763803,0.395945222771864,-0.07168179547519617,Cortex,Peri-tumoral
64.49273174091135,71.30810929425579,0.30976571413249243,-0.0815255825842224,Cortex,Background
66.47295438307091,69.31482874377717,0.30961693952833846,-0.12383200911463227,Cortex,Background
70.55283865402542,70.39445311616781,0.25180642261568786,-0.048752704807048436,Cortex,Background
71.709373759839,70.15993543310061,0.23296439686219184,-0.03556917050631861,Cortex,Background
73.65828071796668,69.81172372898925,0.18213699145802467,0.10164134464195873,Cortex,Background
75.23183643878873,70.63673482961016,0.19046242501328325,-0.018584877920506507,Cortex,Background
76.82242619754372,70.17703563220358,0.15289514700880358,-0.08332514094903869,Cortex,Background
79.87917573124552,69.59272666327757,0.15287345380616835,0.041576131492554305,Cortex,Background
80.36245991537918,68.6270666845781,0.10137119306933184,0.04455650025760245,Cortex,Background
83.48402973833613,69.43968065428221,0.13584819392998587,0.12238559571624905,Cortex,Background
85.74427591034664,69.38994532727284,0.09404636397931464,0.08643455783767359,Cortex,Background
22.120437129441264,71.53966190385499,0.6089910617069781,-0.5693695331559604,Cortex,Background
23.128924391884222,72.58651192608595,0.6571540194092639,-0.5502004607259569,Cortex,Background
25.143517721171758,73.09129662367896,0.6561736276601888,-0.6712547162685307,Cortex,Background
28.445094960456622,71.45443903635058,0.754022147259349,-0.6817081347765614,Cortex,Background
30.0484149885438,72.46317110498698,0.8343954115543372,-0.6966974353795699,Cortex,Background
32.651818233651724,71.69120931812921,0.7617069451957137,-0.64965662865049,Cortex,Background
33.16084716296672,71.78654390490227,0.7878985535629209,-0.7906373624968023,Cortex,Background
35.267554633740815,72.43745557406879,0.7574595063570875,-0.6816357879018664,Cortex,Background
38.01832476723271,72.6763401190318,0.7616417303468408,-0.6068383391833342,Cortex,Background
39.575089697494036,73.61702653024166,0.773939730555025,-0.6901986255446368,Cortex,Background
41.46645141914977,72.69389250978485,0.7488297336956736,-0.6189196633728644,Cortex,Background
45.77221984278058,71.86523256714389,0.7284892554467841,-0.4870706658849652,Cortex,Background
46.48078518242023,72.62844517820791,0.7613425354757615,-0.43449068918293715,Cortex,Background
47.731131996627084,72.73435583291256,0.6309288476718987,-0.4704037308556442,Cortex,Background
51.30260046820248,73.40482458371754,0.6564403701853385,-0.2894830640689544,Cortex,Background
53.27541125625883,71.06007620964374,0.5930070732720537,-0.3947000118525288,Cortex,Background
55.42538855437618,72.86320709977329,0.5218831457433121,-0.3112686334431445,Cortex,Background
57.750919533545975,72.42654906714766,0.46780106038254915,-0.2649588588919147,Cortex,Background
60.17307460850138,71.56899346539831,0.4427093938199338,-0.12915877607114035,Cortex,Background
61.28210910407224,73.67059793733743,0.3477912340112989,-0.23470759494489415,Cortex,Background
64.06759807793799,71.04022431801849,0.309053281301929,-0.13342371229471384,Cortex,Background
66.59315710441963,72.54526079947068,0.2459564208070494,-0.1680200587389195,Cortex,Background
69.3567386974538,72.33011993168577,0.22318382112895033,-0.06692755589951002,Cortex,Background
70.90693399783362,72.29357539268835,0.2122194699119284,0.03614109628475239,Cortex,Background
72.22298501333832,72.03419816406712,0.2327128710706607,-0.0404953386133893,Cortex,Background
75.75164844091006,74.2523292974877,0.10266296968359914,0.11166626752215694,Cortex,Background
76.5649875281935,71.57375778021233,0.09058406626289427,0.10080341519339564,Cortex,Background
79.65113942791969,71.55275169289483,0.12641731215254307,0.005302346678575246,Cortex,Background
82.19315285541907,71.86686799394793,0.029251219442156466,-0.10514148704606416,Cortex,Background
23.873745966792303,74.73499493273853,0.6549988101402158,-0.5917372482664325,Cortex,Background
27.850885962806487,75.52972415023865,0.6509950215250456,-0.5930020841849023,Cortex,Background
28.039027277380683,75.72488305441779,0.6622149011521736,-0.5276209774556287,Cortex,Background
31.85935702168497,74.78725337603213,0.7602974579981558,-0.6073776738590526,Cortex,Background
32.35881746115423,73.86718389185542,0.8152077970028432,-0.7181554294163927,Cortex,Background
36.12736125101622,75.31715118424586,0.716511504228082,-0.61882797048257,Cortex,Background
36.783713628102795,75.23478347507225,0.7519245138816715,-0.7331365683675598,Cortex,Background
39.90434044610441,75.11843077846237,0.75756349863853,-0.6736777888754552,Cortex,Background
43.48478622825706,75.40294556597306,0.7408859058839994,-0.6277315188390129,Cortex,Background
45.02219284379855,76.4752552209387,0.7234105695209974,-0.4508351028552948,Cortex,Background
45.36841619910286,74.60517328049896,0.736909617489635,-0.5373185844926219,Cortex,Background
48.90280937002849,74.0638153051213,0.6462468912445213,-0.4388857143658784,Cortex,Background
48.80352128670073,74.70248527155992,0.6204125696312252,-0.39047416243293065,Cortex,Background
53.49109998265942,74.33322824820861,0.5174953290985563,-0.374848251956524,Cortex,Background
53.83109051975924,75.31848260969335,0.530494438909591,-0.37759457725458595,Cortex,Background
58.00484170737301,74.11128295644431,0.4978275028579602,-0.28025930797096,Cortex,Background
59.59235386244357,75.75852979922041,0.41380665018477253,-0.16016081206047939,Cortex,Background
62.571936706884465,74.8484309527337,0.293613197524352,-0.14858843946184025,Cortex,Background
63.72548799738509,75.49515119728737,0.2963295147036634,-0.14177665086801583,Cortex,Background
67.09213759002499,73.65588186484484,0.253797266672521,-0.06077256586629179,Cortex,Background
68.86105419762369,75.45569590817932,0.18335885229388155,-0.04576217488894534,Cortex,Background
72.12126685288338,75.40014467113019,0.15496250514751742,-0.06746121929130627,Cortex,Background
72.27532625088556,73.82545664866723,0.1695400026832789,-0.026894270450925545,Cortex,Background
74.9356984661509,73.05980337810522,0.0644252001392709,0.02165213622946586,Cortex,Background
76.6981818829391,74.4955548966302,0.13934436736402966,0.002168055459087881,Cortex,Background
79.34226990263281,75.06664896014179,0.07608139089629143,-0.06248273687749792,Cortex,Background
26.19782037326263,77.70182913751314,0.5366921955509388,-0.6070515953987763,Cortex,Background
29.946898407330398,78.5503552291971,0.6513351696499372,-0.5484899811092996,Cortex,Background
30.104829275078007,77.14909524190386,0.6753653979835983,-0.5883901488517602,Cortex,Background
33.951163332383,78.22824131310456,0.7053849472323162,-0.5911110038042272,Cortex,Background
36.04473497316246,76.12527390386936,0.7500942649213564,-0.6957283774242988,Cortex,Background
38.107455966810576,77.00163144856516,0.6727195122630732,-0.4922504154661342,Cortex,Background
41.31127361562878,76.37991707368131,0.7113066336957493,-0.535482313457334,Cortex,Background
42.7406761574718,76.05396951293908,0.6487178496492432,-0.5394729649675901,Cortex,Background
43.54466783475284,77.82351803288947,0.6912501303912619,-0.47482919231760573,Cortex,Background
47.26891328231189,77.93265303601098,0.6097047436826109,-0.4883324599501057,Cortex,Background
48.52824522852429,78.41036934115301,0.574114593338919,-0.4542597098469772,Cortex,Background
51.6183060358143,77.06703795133777,0.5070014068116565,-0.4190524819936802,Cortex,Background
52.844907765866985,78.1667332756895,0.4219673819160865,-0.3509135463913348,Cortex,Background
55.23916632992544,77.0618692154546,0.47630225831858236,-0.2719758779987721,Cortex,Background
56.540860780504026,77.37444498705356,0.46519709609069937,-0.28729126527842125,Cortex,Background
59.550038887869626,76.99862650117669,0.3855253770558136,-0.21549568504995834,Cortex,Background
60.96195928278569,77.7123627541803,0.2818028254903934,-0.19887278218951465,Cortex,Background
64.36629504429168,78.2060203494436,0.23490940656606724,-0.07389442744876884,Cortex,Background
66.61606332071355,77.39415315085056,0.29942198875006354,-0.08961589158700277,Cortex,Background
70.05249775326969,78.42484238892136,0.16740954750413767,-0.0746637879509676,Cortex,Background
70.02401246571404,77.76765207342568,0.13668696180829804,-0.12138971550580216,Cortex,Background
73.51654722237852,76.62808382592948,0.1938371268099292,-0.15055725506734077,Cortex,Background
75.22719036739714,76.20495845271489,0.16065765425115947,-0.06310514858683469,Cortex,Background
76.82617625089613,76.9964433066849,0.07302227490640681,-0.00015994692137134316,Cortex,Background
30.818100111753438,80.48119412787038,0.6130667947096433,-0.4873125876888394,Cortex,Background
33.311893531932576,80.41506720291315,0.6810610079448973,-0.5856577523861195,Cortex,Background
36.296878861456946,80.35885749011372,0.6582704371633205,-0.5392077120371133,Cortex,Background
39.62899178069005,78.83213892007505,0.6700272009008648,-0.4833165259055572,Cortex,Background
42.170707429402725,79.3005574319249,0.6039719630452279,-0.4830460936851718,Cortex,Background
41.64147614236766,79.17467542546422,0.6488312569442155,-0.4805297270073615,Cortex,Background
44.082135163253085,79.7697118107217,0.5625886915274062,-0.5522703948002025,Cortex,Background
46.429424063200734,79.74748336228717,0.554360132086224,-0.41623465985953056,Cortex,Background
49.78376571727223,80.5504829887228,0.5670991010507368,-0.3757260127195051,Cortex,Background
51.19095269956247,79.34127813723384,0.4227556660236877,-0.3002862004661898,Cortex,Background
52.01840674477163,78.71762328497198,0.5152225458082341,-0.3002794105491019,Cortex,Background
55.617397609879305,79.39843564393867,0.3807537724168778,-0.3155082075312341,Cortex,Background
56.55430862477781,80.4380108686206,0.37277927896299906,-0.2415632586821714,Cortex,Background
60.489260377463594,80.12400564313023,0.31252721841161774,-0.17675847063724381,Cortex,Background
62.06614378938897,79.00672525393756,0.3060695472982477,-0.16251987956270209,Cortex,Background
65.15745546281069,81.4347713824359,0.24867673421009856,-0.10297290610060067,Cortex,Background
66.80222732011006,79.15775876973741,0.19365057749033288,-0.13009671272539824,Cortex,Background
68.091577409167,79.59697455145114,0.17491412890860436,-0.018050628885699055,Cortex,Background
69.984883703095,79.83156428313806,0.1653357064730695,-0.14939984075215268,Cortex,Background
72.00326902513685,80.37166330175137,0.18722176843954763,-0.15257308294438546,Cortex,Background
75.01852953800096,79.19454349356045,0.0897393019464555,0.0767653569499957,Cortex,Background
34.99424029106891,82.41874079114723,0.593773804844197,-0.5242522980709651,Cortex,Background
37.76522618255049,81.87505205802992,0.6442579733086149,-0.5042579959970649,Cortex,Background
43.55801107429522,82.47662977713622,0.6117896747610108,-0.28434147056304326,Cortex,Background
45.316226353581705,82.5615954969566,0.5770377997483229,-0.4225031095050807,Cortex,Background
46.330964871203506,82.12400339921815,0.5417641231248277,-0.39420955014324566,Cortex,Background
51.21565640449892,80.86375608725825,0.48582681217367224,-0.35764049204546033,Cortex,Background
53.42583699092203,81.92486933333298,0.43354219311046305,-0.23417936510604748,Cortex,Background
56.31866103848868,82.04924051213034,0.37421897493438955,-0.22188269121044,Cortex,Background
61.025774270817166,81.53031819900842,0.2886971870127087,-0.06089955729898079,Cortex,Background
62.741919795686776,81.90359189839185,0.2848265958081212,-0.08417423370878527,Cortex,Background
64.4191786070559,80.48652567318429,0.30617295529185845,-0.09397096914475399,Cortex,Background
66.5986968245737,81.243921377103,0.1970802696337354,-0.0697118780941654,Cortex,Background
